house:pen:house_pen:treatment:animalnr_col:I, S1, S2:weight_d0:weight_d21:FC:sexe:bootsock/swab:BS0:BS0_date:BS0_value:BS1:BS1_date:BS1_value:swab1000_no_cef:swab1000_no_cef_date:swab100:swab100_date:swab100_value:swab1:swab1_date:swab2:swab2_date:swab2_value::swab3:swab3_date:swab3_value:BS2:BS2_date:BS2_value::swab4:swab4_date:swab4_value:swab5:swab5_date:swab5_value::swab6:swab6_date:swab6_value::swab7:swab7_date:swab7_value:::swab8:swab8_date:swab8_value::swab9:swab9_date:swab9_value:swab10:swab10_date:swab10_value:BS3:BS3_date:BS3_value:swab11:swab11_date:swab11_value:swab12:swab12_date:swab12_value::swab13:swab13_date:swab13_value:::swab14:swab14_date:swab14_value::swab15:swab15_date:swab15_value:::swab16:swab16_date:swab16_value:swab17:swab17_date:swab17_value:caeca:caeca_date:caeca_value:::BS4:BS4_date:::
::::::::::exp day:-1:-1:-1:2:2:2:5:5:5:5:5:5:5:6:6:6::7:7:7:7:7:7::8:8:8:9:9:9::10:10:10::11:11:11:::12:12:12::13:13:13:14:14:14:14:14:14:15:15:15:16:16:16::17:17:17:::18:18:18::19:19:19:::20:20:20:21:21:21:21:21:21:21:21:21:21:::
::::::::::date maldi report::-1:250918::2:250918::5::5:280918::5::6:280918:41018::7:021018/041018::7:21018:41018::8:021018/041018::9:21018:41018::10:21018:41018::11:31018:41018:171018::12:171018:181018::13:181018::14:181018::14:161018::15:181018::16:181018:191018::17:91018:171018:181018::18:181018:191018::19:111018:161018:171018::20:161018::21:191018::21:171018:181018:261018::21:::
1:S1:H1_S1:control:3_Ge:S2:35.72:732:11216.00:F::-*:-1::-*:2::+:5:-:5::-:5:-*:6:::-*:7:::7:::-:8::-:9:::-:10:::-:11::::-:12:::-:13::-:14:::14::-:15::-:16:::-:17::::-:18:::++:19::::++:20::++:21::++:21:::::21:++ (neg in telling)::negatief in tellig daarom opgehoopt en opnieuw op ronde mac+cef
1:S1:H1_S1:control:10_Ge:S2:43.51:934::M::-*:-1::-*:2::+:5:-:5::-:5:-:6:::-:7:::7:::-:8::-:9:::-:10:::-:11::::-:12:::-:13::-:14:::14::-:15::-:16:::-*:17::::+*? 1:18:Acinetobacter pittii::-*:19::::++:20::++:21::++:21:::::21:"stal 2: caeca (mist); aantal caeca niet geteld en niet detectie --> later als nog ingezet voor detectie"::
1:S1:H1_S1:control:13_Ge:S2:47.96:1210::M::-*:-1::-*:2::+:5:-:5::-*:5:-:6:::-:7:::7:::-:8::-:9:::-:10:::-:11::::-:12:::-:13::-:14:::14::-:15::-:16:::-:17::::-*:18:::-*:19::::++:20::++:21::++:21:::::21:::
1:S1:H1_S1:control:31_Ge:S2:43.99:882::M::-*:-1::-*:2::+:5:-*:5::-*:5:-*:6:::-:7::-*:7:::-*:8::-:9:::-:10:::-:11::::-:12:::-:13::? -*:14:Acinetobacter pittii:+* ?:14:Escherichia coli/Acinetobacter pittii:-:15::-:16:::-*:17::::+*:18:Escherichia coli::+*?:19:Escherichia coli/Acinetobacter nocosomialis/pittii:::++:20::++:21::++:21::::++*:21:::
1:S1:H1_S1:control:36_Ge:S2:38.91:984::M::-*:-1::-*:2::+:5:-*:5::-*:5:-:6:::-*:7:::7:::-:8::-:9:::-:10:::-:11::::-:12:::-:13::-:14:::14::-:15::-:16:::-*:17::::+*:18:Acinetobacter pittii::-*:19::::++*:20::++:21::++:21:::::21:::
1:S1:H1_S1:control:41_Ge:S2:41.31:848::M::-*:-1::-*:2::+:5:-*:5::-*:5:-*:6:::-*:7:::7:::-:8::-:9:::-:10:::-:11::::-:12:::-:13::-:14:::14::-:15::-:16:::-*:17::::-*:18:::-*:19::::++:20::++:21::++:21:::::21:::
1:S1:H1_S1:control:43_Ge:S2:45.3:976::M::-*:-1::-*:2::+:5:-*:5::-*:5:-*:6:::-*:7:::7:::-:8::-:9:::-:10:::-:11::::-:12:::-:13::-:14:::14::-:15::-:16:::-*:17::::-*:18:Escherichia coli::+*?:19:Acinetobacter pittii:::++:20::++:21::++:21:::::21:::
1:S1:H1_S1:control:46_Ge:S2:36.86:710::F::-*:-1::-*:2::+:5:-*:5::-*:5:-:6:::-*:7:::7:::-*:8::-:9:::-:10:::-:11::::-:12:::-:13::-:14:::14::-:15::-:16:::-*:17::::+* 20:18:::+*?:19:Escherichia coli/Acinetobacter pittii:::++:20::++:21::++:21:::::21:::
1:S1:H1_S1:control:56_Ge:S2:42.6:728::F::-*:-1::-*:2::+:5:-:5::-:5:-*:6:::-:7:::7:::-:8::-:9:::-:10:::-:11::::-:12:::-:13::-:14:::14::-:15::-:16:::-*:17::::-:18:::+*?:19:Escherichia coli/Acinetobacter pittii:::++:20::++:21::++:21:::::21:::
1:S1:H1_S1:control:62_Ge:S2:46.31:994::F::-*:-1::-*:2::+:5:-*:5::-*:5:-:6:::-*:7:::7:::-:8::-:9:::-:10:::-:11::::-:12:::-:13::-:14:::14::-:15::-:16:::-*:17::::-*:18:::++:19::::++:20::++*:21::++:21:::::21:::
1:S2:H1_S2:control:5_Ge:S2:46.8:908:10599.00:F::-:-1:::2::+:5:-*:5::-*:5:-*:6:::-*:7:::7:::-:8::-:9:::-*:10:::-:11::::-:12:::-:13::-*:14:::14::-:15::-*:16:::-*:17::::-*:18:::+*?:19:Escherichia coli/Acinetobacter pittii:::++*:20::++:21::++:21:::::21:::
1:S2:H1_S2:control:9_Ge:S2:36.61:814::M::-:-1:::2::+:5:-:5::-:5:-*:6:::-*:7:::7:::-:8::-*:9:::-:10:::-:11::::-:12:::-:13::-:14:::14::+*:15:Acinetobacter pittii:-*:16:::+ ? *:17:Acinetobacter pittii:Escherichia coli::+*:18:Acinetobacter pittii::+*?:19:Acinetobacter pittii:Escherichia coli/Acinetobacter pittii::+*:20:Escherichia coli/Acinetobacter pittii:++:21:::21:::::21:::
1:S2:H1_S2:control:11_Ge:S2:45.31:832::M::-:-1:::2::+:5:-:5::-:5:-*:6:::-*:7:::7:::-*:8::-:9:::-:10:::-:11::::-:12:::-:13::-:14:::14::-:15::-*:16:::-*:17::::-*:18::Escherichia coli:+* 1:19:Acinetobacter pittii:::+* 20:20:Acinetobacter pittii:+*:21::++:21:::::21:::
1:S2:H1_S2:control:19_Ge:S2:41.24:798::M::-:-1::-*:2::+:5:-*:5::-:5:-*:6:::-*:7::-*:7:::-*:8::-:9:::-:10:::-:11::::-:12:::-:13::-:14::+* ?:14:Acinetobacter pittii:-*:15::-*:16:::-*:17::::-*:18:::+* 1:19:Acinetobacter pittii::Escherichia coli:+*:20::-*:21::++:21::::+*:21:::
1:S2:H1_S2:control:26_Ge:S2:38.6:670::M::-:-1:::2::+:5:-*:5::-:5:-:6:::-*:7:::7:::-:8::-:9:::-:10:::-:11::::-:12:::++:13:Escherichia coli:-*:14:::14::+*:15:Acinetobacter pittii:-:16:::+? *:17:Acinetobacter pittii:Escherichia coli::+*:18:Escherichia coli::+*:19:Acinetobacter pittii::Escherichia coli:++:20::++:21:::21:::::21:::
1:S2:H1_S2:control:28_Ge:S2:44.03:796::M::-:-1:::2::+:5:-*:5::-:5:-*:6:::-*:7:::7:::-:8::-:9:::-:10:::-:11::::-:12:::-:13::-:14:::14::-*:15::-*:16:::-*:17::::+*:18:Acinetobacter pittii::+*:19::::+*:20::++:21::++:21:::::21:::
1:S2:H1_S2:control:32_Ge:S2:39.52:988::F::-:-1:::2::+:5:-*:5::-*:5:-*:6:::-*:7:::7:::-:8::-:9:::-:10:::-:11::::-:12:::-:13::-:14:::14::-:15::-*:16:::-*:17::::-*:18:::-*:19::::+*:20::++*:21::++:21:::::21:::
1:S2:H1_S2:control:34_Ge:S2:45.32:964::F::-:-1:::2::+:5:-*:5::-*:5:-*:6:::-*:7:::7:::-:8::-*:9:::-:10:::-:11::::-:12:::?:13:Acinetobacter pittii:-:14:::14::-*:15::-*:16:::-*:17::::+*:18:Acinetobacter pittii::+* 60:19::::+*:20::++:21::++:21:::::21:::
1:S2:H1_S2:control:54_Ge:S2:41.47:884::M::-:-1:::2::+:5:-:5::-:5:-:6:::-*:7:::7:::-:8::-:9:::-:10:::-:11::::-:12:::-:13::-:14:::14::-:15::-:16:::-*:17::::-*:18:::+* 20:19:Acinetobacter pittii::Escherichia coli:-:20::++*:21::++:21:::::21:::
1:S2:H1_S2:control:60_Ge:S2:39.33:928::F::-:-1:::2::+:5:-*:5::-:5:-*:6:::-*:7:::7:::-*:8::-*:9:::-:10:::-:11::::-:12:::-:13::-:14:::14::-:15::-*:16:::+ ? *:17:Escherichia coli/Acinetobacter pittii:::+*:18:Acinetobacter pittii::+* 60:19::::+*:20:Escherichia coli/Acinetobacter pittii:++:21:::21:::::21:::
1:S3:H1_S3:control:4_Ge:S2:40.3:772:10060.00:M::-*:-1:::2::+:5:-:5::-:5:-:6:::-:7:::7:::-:8::-*:9:::-:10:::-:11::::-:12:::-:13::-:14:::14::-:15::-:16:::1:17:Escherichia coli  :::+*? 1:18:Escherichia coli::+*:19::::++:20::++:21::++:21:::::21:::
1:S3:H1_S3:control:8_Ge:S2:40.17:854::M::-*:-1:::2::+:5:-:5::-:5:-*:6:::-*:7:::7:::-:8::-:9:::-:10:::-:11::::-:12:::-:13::-:14:::14::-:15::-:16:::+* 20:17:Acinetobacter pittii:Escherichia coli::+*:18:Escherichia coli::++*:19::::++:20::++:21::++:21:::::21:::
1:S3:H1_S3:control:12_Ge:S2:39.06:864::F::-*:-1:::2::+:5:-*:5::-*:5:-*:6:::-*:7:::7:::-:8::-:9:::-:10:::-:11::::-:12:::-:13::-:14:::14::-:15::-:16:::++:17::::+*:18:::++:19::::++:20::++:21:::21:::::21:::
1:S3:H1_S3:control:45_Ge:S2:38.08:840::M::-*:-1::-*:2::+:5:-*:5::-*:5:-*:6:::-:7::-*:7:::-:8::-:9:::-:10:::-:11::::-:12:::-:13::-:14::+* ?:14:Escherichia coli/Acinetobacter pittii:-:15::-:16:::-*:17::::-*:18:::+*:19::::+*:20::++:21::++:21::::++*:21:::
1:S3:H1_S3:control:48_Ge:S2:39.53:780::M::-*:-1:::2::+:5:-*:5::-:5:-:6:::-:7:::7:::-:8::-:9:::-:10:::-:11::::-:12:::-:13::-:14:::14::-:15::-:16:::-*:17::::-*:18:::+*:19:Acinetobacter pittii::Escherichia coli:+*:20:Escherichia coli/Acinetobacter pittii:++:21::++:21:::::21:::
1:S3:H1_S3:control:51_Ge:S2:40.22:906::M::-*:-1:::2::+:5:-:5::-*:5:-:6:::-:7:::7:::-:8::-:9:::-*:10:::-:11::::-:12:::-:13::-:14:::14::-:15::-:16:::-*:17::Escherichia coli::-*:18:::+* ?:19:Acinetobacter pittii:::-:20::++:21::++:21:::::21:::
1:S3:H1_S3:control:73_Ge:S2:39.5:738::F::-*:-1:::2::+:5:-*:5::-*:5:-:6:::-*:7:::7:::-*:8::-*:9:::-:10:::-:11::::-:12:::-:13::-:14:::14::-:15::+? 1:16:Escherichia coli::-:17::::+* 20:18:Escherichia coli::+*:19::::++:20::++:21::++:21:::::21:::
1:S3:H1_S3:control:74_Ge:S2:40.2:694::M::-*:-1:::2::+:5:-*:5::-:5:-*:6:::-*:7:::7:::-:8::-*:9:::-:10:::-:11::::-:12:::-:13::-:14:::14::-:15::-*:16:::-*:17::::-*:18:::+*:19:Acinetobacter pittii:::++:20::++:21::++:21:::::21:::
1:S3:H1_S3:control:76_Ge:S2:45.23:794::F::-*:-1:::2::+:5:-*:5::-*:5:-:6:::-*:7:::7:::-:8::-:9:::-:10:::-:11::::-:12:::-:13::-:14:::14::-:15::-:16:::-*:17::::+* 20:18:Acinetobacter pittii::++:19::::++:20::++:21::++:21:::::21:::
1:S3:H1_S3:control:79_Ge:S2:42.11:868::M::-*:-1:::2::+:5:-*:5::-:5:-*:6:::-:7:::7:::-:8::-*:9:::-:10:::-:11::::-:12:::-:13::-:14:::14::-:15::-:16:::+* ?:17:Escherichia coli/Acinetobacter pittii:::+* 20:18:Acinetobacter pittii::-*:19:Acinetobacter pittii:::++:20::++:21::++:21:::::21:::
1:S4:H1_S4:control:14_Ge:S2:43:904:10296.00:M::-*:-1:::2::+:5:-*:5::-:5:-*:6:::-*:7:::7:::-:8::-:9:::-:10:::-*:11::::-*:12:::-*:13::-:14:::14::-*:15::++*:16:Escherichia coli::-*:17::::+? * 1:18:Acinetobacter pittii::+*:19:Acinetobacter pittii::Escherichia coli:++:20::++:21::++:21:::::21:::
1:S4:H1_S4:control:18_Ge:S2:41.33:798::M::-*:-1:::2::+:5:-:5::-*:5:-*:6:::-*:7:::7:::-:8::-:9:::-*:10:::-*:11::::-*:12:::-:13::-:14:::14::-*:15::-*:16:::+*:17::::++:18:Acinetobacter pittii::+*:19:Escherichia coli/Acinetobacter pittii:::++:20::++:21::++:21:::::21:::
1:S4:H1_S4:control:20_Ge:S2:42.24:840::M::-*:-1:::2::+:5:-:5::-:5:-:6:::-*:7:::7:::-:8::-:9:::-:10:::-*:11::::-*:12:::-*:13::-:14:::14::-:15::-*:16:::+*:17:Escherichia coli/Acinetobacter pittii:::+*:18:Acinetobacter pittii::++:19::::++:20::+*40:21:Escherichia coli:++:21:::::21:::
1:S4:H1_S4:control:39_Ge:S2:43.71:852::M::-*:-1::-*:2::+:5:-:5::-:5:-:6:::-:7::-*:7:::-:8::-*:9:::-*:10:::-:11::::-*:12:::-*:13::-*:14::+* ?:14:Escherichia coli/Acinetobacter pittii:-*:15::-:16:::+*:17:Acinetobacter pittii:Escherichia coli::++:18:::++*:19::::++:20::++:21:::21::::+*:21:::
1:S4:H1_S4:control:44_Ge:S2:40.96:804::F::-*:-1:::2::+:5:-:5::-*:5:-*:6:::-:7:::7:::-:8::-*:9:::-*:10:::-:11::::-:12:::-*:13::-*:14:::14::-:15::+ ? 1:16:Acinetobacter pittii::+*:17:Acinetobacter pittii:Escherichia coli::++:18:::++:19::::++:20::++:21:::21:::::21:::
1:S4:H1_S4:control:53_Ge:S2:42.67:798::M::-*:-1:::2::+:5:-*:5::-:5:-*:6:::-*:7:::7:::-:8::-:9:::-*:10:::-:11::::-:12:::-*:13::-:14:::14::30:15:Escherichia coli:-*:16:::-*:17::::++:18:::+*:19::::+*:20:Escherichia coli/Acinetobacter pittii:++:21:::21:::::21:::
1:S4:H1_S4:control:58_Ge:S2:40.14:708::F::-*:-1:::2::+:5:-:5::-*:5:-:6:::-*:7:::7:::-:8::-:9:::-*:10:::-*:11::::-*:12:::-:13::-:14:::14::-:15::-*:16:::+* ?:17:Acinetobacter pittii:Escherichia coli::+*:18:::+*:19::::++:20::++:21:::21:::::21:::
1:S4:H1_S4:control:63_Ge:S2:39.01:762::M::-*:-1:::2::+:5:-:5::-:5:-*:6:::-*:7:::7:::-:8::-:9:::-*:10:::-*:11::::-*:12:::-:13::-*:14:::14::-:15::-:16:::+* ?:17:Acinetobacter pittii:Escherichia coli::+*:18:Acinetobacter pittii::+*:19:Acinetobacter pittii::Escherichia coli:+*:20::++:21::++:21:::::21:::
1:S4:H1_S4:control:64_Ge:S2:44.13:934::F::-*:-1:::2::+:5:-:5::-*:5:-:6:::-*:7:::7:::-:8::-:9:::-:10:::-*:11::::-:12:::-:13::-:14:::14::++:15::-:16:::+* ?:17:Acinetobacter pittii:Escherichia coli::+*:18:Acinetobacter pittii::++:19::::++:20::++:21::++:21:::::21:::
1:S4:H1_S4:control:67_Ge:S2:40.32:664::F::-*:-1:::2::+:5:-*:5::-*:5:-:6:::-*:7:::7:::-:8::-:9:::-*:10:::-:11::::-:12:::?:13:Acinetobacter pittii:-:14:::14::-:15::-:16:::++:17:::Acinetobacter pittii:++*:18:::+*:19:Acinetobacter pittii::Escherichia coli:+*:20::+* 15:21:Escherichia coli:++:21:::::21:::
1:S5:H1_S5:control:6_Ge:S2:39.65:908:10750.00:F::-:-1:::2::+:5:-*:5::-*:5:-*:6:::-*:7:::7:::-*:8::-*:9:::-:10:::-:11::::-:12:::-:13::-:14:::14::-:15::-:16:::++:17::::-*:18:::-*:19::::-*:20::++:21::++:21:::::21:::
1:S5:H1_S5:control:17_Ge:S2:41.45:958::M::-:-1:::2::+:5:-*:5::-*:5:-*:6:::-:7:::7:::-:8::-:9:::-:10:::-:11::::-:12:::-:13::-:14:::14::++:15::++:16:::++:17::::-:18:::++:19::::++:20::++:21::++:21:::::21:::
1:S5:H1_S5:control:22_Ge:S2:42.89:712::M::-:-1:::2::+:5:-*:5::-*:5:-*:6:::-:7:::7:::-:8::-*:9:::-:10:::-:11::::-:12:::-:13::++:14:::14::++:15:Escherichia coli:++:16:::++:17::::++:18:::++:19::::++:20::++:21::++ (neg in telling):21::Escherichia coli:::21:::
1:S5:H1_S5:control:29_Ge:S2:38.01:956::F::-:-1::-*:2::+:5:-*:5::-*:5:-:6:::-*:7::-*:7:::-:8::-:9:::-:10:::-:11::::-:12:::-:13::-:14::+* ?:14:Escherichia coli/Acinetobacter pittii:-:15::-:16:::-:17::::40:18:::-:19::::++:20::++:21:::21::::++*:21:::
1:S5:H1_S5:control:30_Ge:S2:40.33:922::M::-:-1:::2::+:5:-*:5::-*:5:-:6:::-*:7:::7:::-*:8::-:9:::-:10:::-:11::::-*:12:::-:13::-:14:::14::-:15::40:16:::++:17::::-*:18:::++:19::::++:20::++:21::++:21:::::21:::
1:S5:H1_S5:control:55_Ge:S2:40.47:990::F::-:-1:::2::+:5:-*:5::-*:5:-*:6:::-:7:::7:::-:8::-:9:::-:10:::-:11::::-:12:::-:13::-:14:::14::-:15::+ ? 1:16:Escherichia coli::++:17::::10:18:::++:19::::++:20::++:21:::21:::::21:::
1:S5:H1_S5:control:66_Ge:S2:37.5:1070::F::-:-1:::2::+:5:-*:5::-:5:-*:6:::-*:7:::7:::-:8::-:9:::-:10:::-*:11::::-:12:::-:13::-:14:::14::++:15::15:16:::++:17::::-:18:::++:19::::++:20::++:21::++:21:::::21:::
1:S5:H1_S5:control:70_Ge:S2:41.34:724::F::-:-1:::2::+:5:-*:5::-:5:-*:6:::-*:7:::7:::-:8::-:9:::-*:10:::-*:11::::-:12:::-:13::-:14:::14::-:15::-:16:::++:17::::++:18:::++:19::::++:20::++:21:::21:::::21:::
1:S5:H1_S5:control:75_Ge:S2:40.05:772::M::-:-1:::2::+:5:-*:5::-:5:-*:6:::-*:7:::7:::-:8::-:9:::-:10:::-:11::::-:12:::-:13::-:14:::14::-:15::-:16:::-:17::::1:18:Escherichia coli::-:19::::++:20::++:21::++:21:::::21:::
1:S5:H1_S5:control:80_Ge:S2:41.75:812::M::-:-1:::2::+:5:-*:5::-*:5:-*:6:::-*:7:::7:::-:8::-:9:::-:10:::-*:11::::-*:12:::-:13::-:14:::14::-:15::++:16:::2:17::::-:18:::30:19::::++:20::++:21::++:21:::::21:::
1:S6:H1_S6:control:2_Ge:S2:44.73:1014:9798.00:F::-:-1:::2::+:5:-:5::-:5:-*:6:::-*:7:::7:::-:8::-:9:::-:10:::-:11::::-:12:::-:13::-:14:::14::-*:15::-:16:::-*:17::::++:18:Escherichia coli::+*:19:Acinetobacter pittii::Escherichia coli:++:20::++:21::++:21:::::21:::
1:S6:H1_S6:control:7_Ge:S2:40.37:850::M::-:-1:::2::+:5:-:5::-:5:-*:6:::-:7:::7:::-:8::-:9:::-:10:::-:11::::-:12:::-:13::-:14:::14::-:15::-*:16:::-*:17::::+? 2:18:Acinetobacter pittii::-:19::::++:20::++:21::++:21:::::21:::
1:S6:H1_S6:control:15_Ge:S2:40.84:880::M::-:-1:::2::+:5:-:5::-:5:-:6:::-:7:::7:::-:8::-:9:::-:10:::-:11::::40:12:Escherichia coli::-:13::-:14:::14::-*:15::+* ? 10:16:Acinetobacter pittii::+*?:17:Acinetobacter pittii:Escherichia coli::++:18:::++:19::::++:20::++*:21:::21:::::21:::
1:S6:H1_S6:control:23_Ge:S2:41.12:710::F::-:-1::-*:2::+:5:-*:5::-:5:-*:6:::-*:7::-*:7:::-:8::-*:9:::-:10:::-:11::::-:12:::-:13:::14::+* ?:14:Escherichia coli/Acinetobacter pittii:-*:15::-*:16:::+*?:17:Acinetobacter pittii:Escherichia coli::+*:18:Escherichia coli::++:19::::++:20::++:21::++:21::::++*:21:::
1:S6:H1_S6:control:33_Ge:S2:42.07:522::M::-:-1:::2::+:5:-:5::-:5:-:6:::-:7:::7:::-:8::-:9:::-:10:::-*:11::::-:12:::-:13::-:14:::14::-*:15::-:16:::+*?:17:Acinetobacter pittii:Escherichia coli::-*:18:::-*:19::::++:20::++:21::++:21:::::21:::
1:S6:H1_S6:control:40_Ge:S2:44.14:902::F::-:-1:::2::+:5:-*:5::-:5:-:6:::-:7:::7:::-:8::-:9:::-:10:::-:11::::-:12:::-*:13::-:14:::14::15:15:Escherichia coli:-*:16:::-*:17::::++:18:::++:19::::++:20::++:21:::21:::::21:::
1:S6:H1_S6:control:42_Ge:S2:41.63:770::M::-:-1:::2::+:5:-:5::-:5:-*:6:::-*:7:::7:::-:8::-:9:::-:10:::-:11::::-:12:::-:13::-:14:::14::-*:15::-*:16:::+*?:17:Acinetobacter pittii:Escherichia coli::+*:18:Acinetobacter pittii::++:19::::++:20::++*:21::++:21:::::21:::
1:S6:H1_S6:control:49_Ge:S2:41.68:910::F::-:-1:::2::+:5:-:5::-*:5:-*:6:::-:7:::7:::-:8::-:9:::-:10:::-:11::::-:12:::-:13::-:14:::14::-:15::-:16:::-*:17::::-*:18:::40:19::::++:20::++:21::++:21:::::21:::
1:S6:H1_S6:control:71_Ge:S2:41.99:824::M::-:-1:::2::+:5:-:5::-*:5:-*:6:::-:7:::7:::-:8::-:9:::-:10:::-:11::::-:12:::-:13::++:14:Escherichia coli::14::-:15::-:16:::+*?:17:Acinetobacter pittii:Escherichia coli::+*:18:Acinetobacter pittii::++:19::::++:20::++:21::++:21:::::21:::
1:S6:H1_S6:control:72_Ge:S2:40.34:664::F::-:-1:::2::+:5:-:5::-:5:-:6:::-*:7:::7:::-:8::-:9:::-:10:::-:11::::-:12:::-:13::-:14:::14::-:15::-*:16:::++:17::::++:18:::++:19::::++:20::++:21:::21:::::21:::
1:S7:H1_S7:control:1_Ge:S2:44.27:754:8704.00:M::-:-1:::2::+:5:-*:5::-*:5:-:6:::-*:7:::7:::-:8::-:9:::-:10:::-:11::::-:12:::-:13::-:14:::14::-:15::-:16:::-:17::::-*:18:::-*:19::::++:20::++:21::++:21:::::21:::
1:S7:H1_S7:control:16_Ge:S2:41.23:838::M::-:-1:::2::+:5:-*:5::-*:5:-*:6:::-*:7:::7:::-:8::-:9:::-:10:::-:11::::-:12:::-:13::-:14:::14::-:15::20:16:::-:17::::+*:18:Acinetobacter pittii::++:19::::++:20::++:21::++:21:::::21:::
1:S7:H1_S7:control:21_Ge:S2:38.51:818::F::-:-1:::2::+:5:-:5::-:5:-*:6:::-*:7:::7:::-:8::-*:9:::-:10:::-:11::::-:12:::-:13::-:14:::14::-:15::-:16:::40:17::::50:18:Escherichia coli::++:19::::++:20::++:21::++:21:::::21:::
1:S7:H1_S7:control:24_Ge:S2:42.32:828::M::-:-1::-*:2::+:5:-:5::-*:5:-:6:::-*:7::-*:7:::-:8::-*:9:::-:10:::-*:11::::-:12:::-:13::-:14::+* ?:14:Escherichia coli :-:15::-:16:::-*:17::::-*:18:::++:19::::++:20::++:21::++:21::::++*:21:::
1:S7:H1_S7:control:35_Ge:S2:42.1:816::M::-:-1:::2::+:5:-*:5::-*:5:-*:6:::-*:7:::7:::-:8::-:9:::-:10:::-:11::::-:12:::-:13::-:14:::14::-:15::-*:16:::++:17::::-:18:::++*:19:Escherichia coli/Acinetobacter pittii:::++:20::++:21::++:21:::::21:::
1:S7:H1_S7:control:50_Ge:S2:44.18:746::M::-:-1:::2::+:5:-*:5::-*:5:-*:6:::-*:7:::7:::-:8::-:9:::-:10:::-:11::::-:12:::-:13::-:14:::14::-:15::-:16:::2:17::::-*:18:::+?:19:Escherichia coli/Acinetobacter pittii/nosocomialis:::++:20::++:21::++:21:::::21:::
1:S7:H1_S7:control:52_Ge:S2:37.92:650::F::-:-1:::2::+:5:-:5::-*:5:-:6:::-*:7:::7:::-:8::-*:9:::-:10:::-:11::::-:12:::-*:13::-:14:::14::-:15::-*:16:::-:17::::-:18:::++:19::::++:20::++:21::++:21:::::21:::
1:S7:H1_S7:control:57_Ge:S2:41.06:732::M::-:-1:::2::+:5:-:5::-*:5:-:6:::-*:7:::7:::-:8::-:9:::-:10:::-:11::::-:12:::-:13::-:14:::14::-:15::-:16:::-:17::::-:18:::++:19::::++:20::++:21::++:21:::::21:::
1:S7:H1_S7:control:65_Ge:S2:41.56:836::F::-:-1:::2::+:5:-:5::-*:5:-:6:::-*:7:::7:::-:8::-*:9:::-:10:::-:11::::-:12:::-:13::-:14:::14::10:15:Escherichia coli:-:16:::-:17::::++:18:::++:19::::++:20::++:21:::21:::::21:::
1:S7:H1_S7:control:69_Ge:S2:40.19:776::F::-:-1:::2::+:5:-:5::-*:5:-:6:::-*:7:::7:::-:8::+*:9:::-:10:::-:11::::-:12:::-:13::-:14:::14::-:15::-:16:::++:17::::++:18:::++:19::::++:20::++:21:::21:::::21:::
1:S8:H1_S8:control:25_Ge:S2:42.42:890:10354.00:F::-:-1:::2::+:5:-*:5::-:5:-*:6:::-:7:::7:::-:8::-:9:::-:10:::-:11::::-:12:::-:13::-:14:::14::-:15::-:16:::-:17::::-:18:::++:19::::20:20:Escherichia coli :++:21::++:21:::::21:::
1:S8:H1_S8:control:27_Ge:S2:41.01:796::M::-:-1:::2::+:5:-*:5::-:5:-:6:::-*:7:::7:::-*:8::-:9:::-:10:::-:11::::-:12:::-:13::-:14:::14::-:15::-:16:::-*:17::::-:18:::-:19::::-*:20::++*:21::++:21:::::21:::
1:S8:H1_S8:control:37_Ge:S2:40.56:952::M::-:-1:::2::+:5:-:5::-:5:-:6:::-*:7:::7:::-:8::-*:9:::-:10:::-:11::::-:12:::-:13::-:14:::14::++:15::++:16:::++:17::::++:18:::++:19::::++:20::++:21:::21:::::21:::
1:S8:H1_S8:control:38_Ge:S2:40.89:896::F::-:-1::-*:2::+:5:-:5::-*:5:-:6:::-*:7::-*:7:::-:8::-*:9:::-:10:::-*:11::::-:12:::-:13::-:14::+* ?:14:Escherichia coli/Acinetobacter pittii:-:15::-:16:::++:17::::-:18:::2:19::::-*:20::++:21::++:21::::++*:21:::
1:S8:H1_S8:control:47_Ge:S2:45.41:840::M::-:-1:::2::+:5:-:5::-*:5:-:6:::-*:7:::7:::-:8::-:9:::-:10:::-*:11::::-:12:::-:13::-:14:::14::-:15::-*:16:::-:17::::++:18:::++:19::::++:20::++:21:::21:::::21:::
1:S8:H1_S8:control:59_Ge:S2:43.04:694::F::-:-1:::2::+:5:-:5::-*:5:-:6:::-*:7:::7:::-:8::-:9:::-:10:::-:11::::-:12:::-:13::-:14:::14::-:15::-:16:::20:17::::++:18:::++:19::::+*30:20:Escherichia coli/Acinetobacter pittii:++:21:::21:::::21:::
1:S8:H1_S8:control:61_Ge:S2:44.12:864::M::-:-1:::2::+:5:-*:5::-*:5:-*:6:::-*:7:::7:::-:8::-:9:::-:10:::-:11::::-:12:::-:13::-:14:::14::-:15::-:16:::-*:17::::-*:18:::-:19::::-*:20::++:21::++:21:::::21:::
1:S8:H1_S8:control:68_Ge:S2:39.7:922::F::-:-1:::2::+:5:-*:5::-*:5:-:6:::-:7:::7:::-:8::-:9:::-:10:::-:11::::-:12:::-:13::-:14:::14::-:15::-:16:::-:17::::-:18:::-:19::::++:20::++:21::++*:21:::::21:::
1:S8:H1_S8:control:77_Ge:S2:44.37:812::M::-:-1:::2::+:5:-:5::-:5:-:6:::-:7:::7:::-:8::-:9:::-:10:::-:11::::-:12:::-:13::-:14:::14::-:15::-:16:::-:17::::-:18:::++:19::::-:20::++:21::++:21:::::21:::
1:S8:H1_S8:control:78_Ge:S2:39.37:802::M::-:-1:::2::+:5:-:5::-:5:-:6:::-*:7:::7:::-:8::-*:9:::-:10:::-:11::::-:12:::-:13::-:14:::14::-:15::-:16:::-:17::::+*? 2:18:Acinetobacter pittii::++:19::::++:20::60:21::++:21:::::21:::
1:I9:H1_I9:control:1_Ro:S1:38.53:dag5 sectie:20590.00::::-1:::2::+:5:-*:5:::5::6::::7:::7::::8:::9::::10::::11:::::12::::13:::14:::14:::15:::16::::17:::::18::::19:::::20:::21:::21:::::21:::
1:I9:H1_I9:control:2_Ro:I:42.05:760::M:::-1:::2::+:5:-*:5::-*:5:-*:6:::++:7:::7:::++:8::+*:9:::++:10:::++:11::::++:12:::++:13::++:14:::14::++:15::++*:16:::++*:17::::++:18:::++:19::::++:20::++:21:::21:::::21:::
1:I9:H1_I9:control:3_Ro:S1:30.79:uitgevallen:::::-1:::2:::5::5:::5::6::::7:::7::::8:::9::::10::::11:::::12::::13:::14:::14:::15:::16::::17:::::18::::19:::::20:::21:::21:::::21:::
1:I9:H1_I9:control:4_Ro:S1:42.93:828::M::-:-1::-*:2::+:5:-*:5::-*:5:-*:6:::+:7::+*:7:Escherichia coli/Acinetobacter pittii:Acinetobacter pittii:++:8::+*:9:::++:10:::++:11::::++:12:::++:13::++*:14::++*:14::++*:15::++*:16:::++*:17::::++:18:::++:19::::++:20::++:21:::21::::++*:21:::
1:I9:H1_I9:control:5_Ro:S1:40.8:dag5 sectie::::-*:-1:Enterobacter cloacae:-*:2::+:5:-*:5:::5::6::::7::+*:7:Acinetobacter pittii:Acinetobacter nosocomialis::8:::9::::10::::11:::::12::::13:::14::++*:14:::15:::16::::17:::::18::::19:::::20:::21:::21::::++*:21:::
1:I9:H1_I9:control:6_Ro:I:37.92:734::F:::-1:::2::+:5:-*:5::-*:5:-*:6:::+:7:::7:::++:8::+*:9:::++:10:::++:11::::++:12:::++:13::++*:14:::14::++:15::++:16:::++*:17::::++:18:::++:19::::++:20::++:21:::21:::::21:::
1:I9:H1_I9:control:7_Ro:S1:38.89:824::F:::-1:::2::+:5:-*:5::-*:5:-:6:::++:7:::7:::++:8::+*:9:::++:10:::++:11::::++:12:::++:13::++*:14:::14::++*:15::+*:16:::++*:17:Acinetobacter pittii:no peaks::++:18:::++*:19::::++:20::++:21:::21:::::21:::
1:I9:H1_I9:control:8_Ro:I:47.47:778::F:::-1:::2::+:5:-*:5::-*:5:-*:6:::+?:7:::7:::++:8::+*:9:::++:10:::++:11::::++:12:::++:13::++:14:::14::++:15::++*:16:::++*:17::::++:18:::++:19::::++:20::++:21:::21:::::21:::
1:I9:H1_I9:control:9_Ro:S1:39.5:732::M:::-1:::2::+:5:-*:5::-*:5:-*:6:::++:7:::7:::++:8::+*:9:::++:10:::++:11::::++:12:::++:13::++:14:::14::++:15::+*:16:::++*:17::::++:18:::++*:19::::++:20::++:21:::21:::::21:::
1:I9:H1_I9:control:10_Ro:I:37.71:986::F:::-1:::2::+:5:-*:5::-*:5:-*:6:::+:7:::7:::++:8::+*:9:::++:10:::++:11::::++:12:::++:13::++:14:::14::++:15::++:16:::++:17::::++:18:::++:19::::++:20::++:21:::21:::::21:::
1:I9:H1_I9:control:11_Ro:S1:42.74:970::F:::-1:::2::+:5:-*:5::-*:5:-*:6:::++:7:::7:::+*:8::+*:9:::++:10:::++:11::::++:12:::++:13::++:14:::14::++:15::++:16:::++:17::::++:18:::++:19::::++:20::++:21:::21:::::21:::
1:I9:H1_I9:control:12_Ro:I:45.75:808::F:::-1:::2::+:5:-*:5::-*:5:-*:6:::++:7:::7:::+*:8::++:9:::++:10:::++:11::::++:12:::++:13::++:14:::14::++:15::++*:16:::++*:17::::++:18:::++:19::::++:20::++:21:::21:::::21:::
1:I9:H1_I9:control:13_Ro:I:38.67:780::M:::-1:::2::+:5:-*:5::-*:5:-*:6:::+?:7:Escherichia coli::7:::++:8::+*:9:::++:10:::++:11::::++:12:::++:13::++:14:::14::++:15::+*:16:::+*:17::::++:18:::++:19::::++:20::++:21:::21:::::21:::
1:I9:H1_I9:control:14_Ro:I:38.34:852::M:::-1:::2::+:5:-*:5::-*:5:-*:6:::-:7:::7:::++:8::+*:9:::++:10:::++:11::::++:12:::++*:13::++:14:::14::++:15::+*:16:::++*:17::::++:18:::++*:19::::++:20::++:21:::21:::::21:::
1:I9:H1_I9:control:15_Ro:S1:36.21:dag5 sectie:::::-1:::2::+:5:-*:5:::5::6::::7:::7::::8:::9::::10::::11:::::12::::13:::14:::14:::15:::16::::17:::::18::::19:::::20:::21:::21:::::21:::
1:I9:H1_I9:control:16_Ro:S1:39.27:866::M:::-1:::2::+:5:-*:5::-*:5:-*:6:::+?:7:Escherichia coli::7:::++:8::+*:9:::++:10:::++:11::::++:12:::++*:13::++*:14:::14::++*:15::+*:16:::++*:17::::++*:18:::++*:19::::++:20::++*:21:::21:::::21:::
1:I9:H1_I9:control:17_Ro:I:38:684::M:::-1:::2::+:5:-*:5::-*:5:-:6:::++:7:::7:::++:8::+*:9:::++:10:::++:11::::++:12:::++:13::++*:14:::14::++*:15::+*:16:::++*:17::::++:18:::++:19::::++:20::++:21:::21:::::21:::
1:I9:H1_I9:control:18_Ro:S1:44.27:796::M:::-1:::2::+:5:-*:5::-*:5:-*:6:::+:7:::7:::++:8::++:9:::++:10:::+ ?:11:::Escherichia coli:++:12:::++:13::++:14:::14::++:15::++:16:::++*:17::::++:18:::++:19::::++:20::++:21:::21:::::21:::
1:I9:H1_I9:control:19_Ro:S1:41.8:792::F:::-1:::2::+:5:-*:5::-*:5:mist:6:::++:7:::7:::++:8::+*:9:::++:10:::++:11::::++:12:::++:13::++:14:::14::++:15::+*:16:::++*:17::::++:18:::++:19::::++:20::++:21:::21:::::21:::
1:I9:H1_I9:control:20_Ro:S1:36.39:788::F:::-1:::2::+:5:-:5::-*:5:-*:6:::++:7:::7:::++:8::++:9:::++:10:::++:11::::++:12:::++:13::++:14:::14::++:15::+*:16:::++:17::::++:18:::++:19::::++:20::++:21:::21:::::21:::
1:I9:H1_I9:control:21_Ro:S1:40.66:918::F:::-1:::2::+:5:-*:5::-*:5:-*:6:::++:7:::7:::++:8::++:9:::++:10:::++:11::::++:12:::++:13::++*:14:::14::++*:15::+*:16:::++*:17::::++:18:::++:19::::++:20::++:21:::21:::::21:::
1:I9:H1_I9:control:22_Ro:S1:41.35:860::F:::-1:::2::+:5:-*:5::-:5:-*:6:::+?:7:::7:::++:8::++:9:::++:10::Escherichia coli:++:11::::++:12:::++:13::++:14:::14::++:15::+*:16:::++*:17::::++:18:::++:19::::++:20::++:21:::21:::::21:::
1:I9:H1_I9:control:23_Ro:I:41.81:866::M:::-1:::2::+:5:-*:5::-*:5:-*:6:::++:7:::7:::++:8::++:9:::++:10:::++:11::::++:12:::++:13::++:14:::14::++:15::++:16:::++*:17::::++:18:::++:19::::++:20::++*:21:::21:::::21:::
1:I9:H1_I9:control:24_Ro:I:40.4:804::F:::-1:::2::+:5:-*:5::-*:5:-*:6:::++:7:::7:::++:8::++:9:::++:10:::++:11::::++:12:::++:13::++*:14:::14::++*:15::++:16:::++:17::::++:18:::+*:19:Acinetobacter pittii::Escherichia coli:++:20::++:21:::21:::::21:::
2:S1:H2_S1:control:106_Ge:S2:36.99:910:9864.00:M:::-1:::2::+:5:-:5::-:5:-:6:::-:7:::7:::-:8::-:9:::-:10:::-:11::::-:12:::-:13::-:14:::14::-:15::-:16:::40:17::::++:18:::++:19::::12:20:Escherichia coli:++:21:::21:::::21:::
2:S1:H2_S1:control:113_Ge:S2:41.06:668::M:::-1:::2::+:5:-:5::-:5:-*:6:::-*:7:::7:::-:8::-:9:::-:10:::-:11::::-:12:::-:13::-:14:::14::-:15::-:16:::1:17::::1:18:::-:19::::4:20::++:21:::21:::::21:::
2:S1:H2_S1:control:124_Ge:S2:41.91:866::F:::-1:::2::+:5:+?:5:Enterobacter cloacae:-:5:-:6:::-:7:::7:::-*:8::-:9:::-:10:::-:11::::-:12:::-:13::-:14:::14::-:15::-:16:::-:17::::4:18:::++:19::::-:20::++:21:::21:::::21:::
2:S1:H2_S1:control:128_Ge:S2:42.36:660::F::-*:-1::-*:2::+:5:-:5::-:5:-*:6:::-:7::-*:7:::-:8::-:9:::-:10:::-:11::::-:12:::-:13::-:14::-*:14::-:15::-:16:::3:17::::-:18:::++:19::::++:20::++:21::++:21::::++*:21:::
2:S1:H2_S1:control:150_Ge:S2:39.66:840::F:::-1:::2::+:5:-:5::-:5:-*:6:::-:7:::7:::-:8::+*:9::Enterobacter cloacae  :3:10:Enterobacter cloacae::-:11::::-:12:::-:13::-:14:::14::-:15::+ ? 2:16:Escherichia coli::40:17::::++:18:::++:19::::++:20::++:21:::21:::::21:::
2:S1:H2_S1:control:153_Ge:S2:39.81:906::M:::-1:::2::+:5:-:5::-:5:-:6:::-:7:::7:::-:8::-:9:::-:10:::-:11::::-:12:::-:13::-:14:::14::-:15::-:16:::-:17::::-:18:::++:19::::++:20::++:21::++:21:::::21:::
2:S1:H2_S1:control:156_Ge:S2:40.3:674::F:::-1:::2::+:5:-*:5::-:5:-*:6:::-:7:::7:::-:8::-:9:::-:10:::-:11::::-:12:::-:13::-:14:::14::-:15::-:16:::++:17::::-:18:::++:19::::++:20::++:21::++:21:::::21:::
2:S1:H2_S1:control:167_Ge:S2:41.51:778::M:::-1:::2::+:5:-*:5::-:5:-*:6:::-*:7:::7:::-:8::-*:9:::-:10:::-:11::::-:12:::-:13::-:14:::14::-:15::+? 1:16:Escherichia coli::++:17::::++:18:::++:19::::++:20::++:21::++:21:::::21:::
2:S1:H2_S1:control:169_Ge:S2:45.5:844::F:::-1:::2::+:5:-:5::-:5:-:6:::-:7:::7:::-*:8::-:9:::-:10:::+ ?:11:Enterobacter cloacae::Enterobacter cloacae:-:12:::-:13::-:14:::14::-:15::-:16:::30:17::::++:18:::++:19::::++:20::++:21:::21:::::21:::
2:S1:H2_S1:control:172_Ge:S2:44.44:744::M:::-1:::2::+:5:-:5::-:5:-:6:::-:7:::7:::-:8::-:9:::-:10:::-:11::::-:12:::-:13::-:14:::14::-:15::-:16:::-:17::::-:18:::++:19::::++:20::2:21::++:21:::::21:::
2:S2:H2_S2:control:119_Ge:S2:42:766:9784.00:M:::-1:::2::+:5:-:5::-:5:-:6:::-:7:::7:::-:8::-:9:::-:10:::-:11::::-:12:::-:13::-:14:::14::-:15::-:16:::-*:17::::-:18:::-*:19::::-:20::2:21:Escherichia coli:++:21:::::21:::
2:S2:H2_S2:control:121_Ge:S2:44.43:662::M:::-1:::2::+:5:-:5::-*:5:-:6:::-:7:::7:::-:8::-:9:::-:10:::-:11::::-:12:::-:13::-:14:::14::-:15::-:16:::-*:17::::-*:18:::-*:19::::+* 30:20:Acinetobacter pittii:-*:21::++ (mist):21:no peaks::Escherichia coli::21:::
2:S2:H2_S2:control:134_Ge:S2:38.12:666::M:::-1:::2::+:5:-*:5::-:5:-:6:::-*:7:::7:::-:8::-:9:::-:10:::-:11::::-:12:::-:13::-:14:::14::-:15::-:16:::-*:17::::-*:18:::-*:19::::-*:20::-*:21::+:21:::::21:::
2:S2:H2_S2:control:135_Ge:S2:48.69:734::M::-*:-1:Acinetobacter radioresistens:?:2:Enterobacter cloacae:+:5:-:5::-:5:-:6:::-:7::-*:7:::-:8::-:9:::-:10:::-:11::::-:12:::-:13::-:14::-*:14::+? 2:15:Enterobacter cloacae:-:16:::2:17:Enterobacter cloacae:::+? *:18:Acinetobacter pittii::-*:19::::-*:20::+*:21::++:21::::+*:21:::
2:S2:H2_S2:control:141_Ge:S2:43.08:770::M:::-1:::2::+:5:-:5::-:5:-:6:::-:7:::7:::-:8::-*:9:::-:10:::-:11::::-:12:::-:13::-:14:::14::-:15::-:16:::+*? 1:17:Acinetobacter pittii:Escherichia coli::-:18:::-*:19::::-*:20::-*:21::++:21:::::21:::
2:S2:H2_S2:control:151_Ge:S2:40.41:772::M:::-1:::2::+:5:-:5::-:5:-:6:::-*:7:::7:::-:8::-:9:::-:10:::-:11::::-:12:::-:13::-:14:::14::-:15::-:16:::-:17::::-*:18:::-*:19::::+* ntt:20::+*:21::++:21:::::21:::
2:S2:H2_S2:control:152_Ge:S2:39.52:990::M:::-1:::2::+:5:-:5::-:5:-:6:::-:7:::7:::-:8::-:9:::-:10:::-:11::::-:12:::-:13::-:14:::14::-:15::-:16:::-*:17::::-*:18:::-*:19::::+* 60:20:Escherichia coli/Acinetobacter pittii:++:21::+:21:::::21:::
2:S2:H2_S2:control:154_Ge:S2:41.29:830::F:::-1:::2::+:5:-*:5::-:5:-:6:::-*:7:::7:::-:8::-:9:::-:10:::-:11::::-:12:::-:13::-:14:::14::-:15::-:16:::-:17::::-*:18:::-*:19::::+* 30:20::-*:21::++:21:::::21:::
2:S2:H2_S2:control:176_Ge:S2:40.44:818::F:::-1:::2::+:5:-:5::-:5:-:6:::-:7:::7:::-:8::-:9:::-:10:::-:11::::-:12:::-:13::-:14:::14::-:15::-:16:::1:17:Acinetobacter pittii/Enterobacter cloacae:::-*:18:::-*:19::::-:20::++*:21::++:21:::::21:::
2:S2:H2_S2:control:177_Ge:S2:44.71:842::M:::-1:::2::+:5:-:5::-:5:-:6:::-:7:::7:::-:8::-:9:::-:10:::-:11::::-:12:::-:13::-? 1:14:Enterobacter cloacae::14::-:15::-:16:::+*? 10:17:Acinetobacter pittii:::-*:18:::+?* 1:19:Enterobacter cloacae/Acinetobacter pittii:::-:20::-*:21::27:21:::::21:::
2:S3:H2_S3:control:103_Ge:S2:42.13:992:10400.00:F:::-1:::2::+:5:-*:5::-:5:-*:6:::+*?:7:::7:::-:8::+:9::Enterobacter cloacae:2:10:Enterobacter cloacae::-:11::::? 1:12:Enterobacter cloacae::+ ? 14:13:Enterobacter cloacae:-:14:::14::-:15::+* 10:16:Enterobacter cloacae::-*:17::::-*:18:::+* 1:19:Acinetobacter pittii::Escherichia coli:-*:20::++:21::+ 5 (mist):21:Escherichia coli::::21:::
2:S3:H2_S3:control:104_Ge:S2:40.74:780::M:::-1:::2::+:5:-*:5::-:5:-:6:::-*:7:::7:::-*:8::-:9:::-*:10:::-:11::::-:12:::-:13::-:14:::14::-:15::-*:16:::++:17::::++:18:::+*:19:Acinetobacter pittii::Escherichia coli:-*:20::+*:21:::21:::::21:::
2:S3:H2_S3:control:109_Ge:S2:42.08:866::F:::-1:::2::+:5:-*:5:Acinetobacter pittii/Klebsiella pneumoniae:-*:5:-:6:::-:7:::7:::-:8::6:9::Enterobacter cloacae:3:10:Enterobacter cloacae::-:11::::-:12:::-:13::+*? 10:14:Enterobacter cloacae::14::?* 1:15:Acinetobacter pittii:-*:16:::+*? 2:17:Acinetobacter pittii/Enterobacter cloacae:Enterobacter cloacae::-*:18:::-*:19::::-*:20::-*:21::- (mist):21:::::21:::
2:S3:H2_S3:control:126_Ge:S2:36.39:822::M::-*:-1:Acinetobacter radioresistens:-*:2::+:5:-*:5::-*:5:-*:6:::+*?:7::+*:7::Acinetobacter pittii:-*:8::-:9:::-:10:::-:11::::-:12:::-*:13::-:14::+* ? 1:14:Enterobacter cloacae/Acinetobacter pittii:-*:15::-*:16:::+* ? 5:17:Acinetobacter pittii:Escherichia coli::-*:18:::+* ?:19:Escherichia coli/Acinetobacter pittii:::+* ntt:20:Escherichia coli/Acinetobacter pittii:+*:21::++:21::::+*:21:::
2:S3:H2_S3:control:130_Ge:S2:42.94:902::F:::-1:::2::+:5:-*:5::-*:5:-:6:::-*:7:::7:::-:8::-*:9:::-:10:::-:11::::-:12:::-:13::-:14:::14::-*:15::-*:16:::-*:17::::-*:18:::+* 20:19:Acinetobacter pittii::Escherichia coli:++:20::+*:21::+:21:::::21:::
2:S3:H2_S3:control:131_Ge:S2:40.06:818::M:::-1:::2::+:5:-*:5::-*:5:-*:6:::+*?:7:Enterobacter cloacae::7:::-:8::-:9:::-*:10:::-:11::::-:12:::-*:13::-:14:::14::-*:15::-*:16:::-*:17::::+* ? 1:18:Acinetobacter pittii::+*:19::::+* 30:20::-*:21::++:21:::::21:::
2:S3:H2_S3:control:155_Ge:S2:41.28:802::M:::-1:::2::+:5:-*:5::-:5:-*:6:::+*?:7:Acinetobacter pittii::7:::-:8::-*:9:::-:10:::-:11::::-:12:::-:13::-:14:::14::-:15::-*:16:::-*:17::::+* 10:18:Acinetobacter pittii::-*:19::::+* ntt:20::-*:21::++ (mist):21:Escherichia coli::::21:::
2:S3:H2_S3:control:158_Ge:S2:37.61:646::F:::-1:::2::+:5:-*:5::-*:5:-:6:::+*?:7:Enterobacter cloacae::7:::-*:8::-:9:::-*:10:::-*:11::::-:12:::-:13::-:14:::14::-:15::+*:16:Acinetobacter pittii::+* 20:17:Acinetobacter pittii:Escherichia coli::+*:18:Acinetobacter pittii::+*:19:Escherichia coli/Acinetobacter pittii:::+* ntt:20:Escherichia coli/Acinetobacter pittii:+*:21::++:21:::::21:::
2:S3:H2_S3:control:168_Ge:S2:41.64:738::F:::-1:::2::+:5:-*:5::-:5:-*:6:::-*:7:::7:::-*:8::-*:9:::-:10:::-:11::::-:12:::-:13::-:14:::14::-*:15::-*:16:::-*:17::::+*:18::Escherichia coli:+* 1:19:Acinetobacter pittii:Escherichia coli/Acinetobacter pittii::+* 30:20::+*:21::++*:21:::::21:::
2:S3:H2_S3:control:171_Ge:S2:38.58:930::F:::-1:::2::+:5:-*:5::?:5:-*:6:::-:7:::7:::-:8::-:9:::-:10:::-:11::::-:12:::+ ? 10:13:Enterobacter cloacae:+? 2:14:Enterobacter cloacae::14::-*:15::+* 4:16:Enterobacter cloacae::+* 15:17:Acinetobacter pittii:Enterobacter cloacae::+*:18::Acinetobacter pittii:+*:19::::+* ntt:20::+*:21:Escherichia coli:++:21:::::21:::
2:S4:H2_S4:control:123_Ge:S2:40.78:884:10328.00:M:::-1:::2::+:5:-:5::-:5:-*:6:::-:7:::7:::-:8::-:9:::-:10:::-:11::::-:12:::-:13::-:14:::14::-:15::-*:16:::-*:17::::+*:18::Escherichia coli:+* 40:19::::-:20::-:21::++ (mist):21:Escherichia coli::::21:::
2:S4:H2_S4:control:136_Ge:S2:39.17:700::F:::-1:::2::+:5:-:5::-:5:-*:6:::-:7:::7:::-:8::-:9:::-:10:::-:11::::-:12:::-:13::-:14:::14::-*:15::+* 10:16:Escherichia coli::+* 5:17:Escherichia coli:::+*:18::Escherichia coli:+*:19::::-:20::++:21::++:21:::::21:::
2:S4:H2_S4:control:138_Ge:S2:40.17:890::F:::-1:::2::+:5:mist:5::-:5:-*:6:::-:7:::7:::-:8::-:9:::-:10:::-:11::::-:12:::-:13::-:14:::14::-*:15::-*:16:::+*? 2:17:Acinetobacter pittii:Escherichia coli::-:18:::-:19::::12:20::3:21::+:21:::::21:::
2:S4:H2_S4:control:140_Ge:S2:36.2:884::M::-:-1::-*:2::+:5:-:5::-:5:-:6:::+?:7:Enterobacter cloacae:-*:7:::+?:8:Enterobacter cloacae:-:9:::2:10:Enterobacter cloacae::-:11::::-:12:::-:13::-:14::-*:14::-*:15::-*:16:::+* 20:17:Escherichia coli:::40:18:::40:19::::++:20::-:21:::21::::+*:21:::
2:S4:H2_S4:control:146_Ge:S2:40.58:716::M:::-1:::2::+:5:?:5:Acinetobacter pittii:-*:5:-*:6:::-*:7:::7:::-:8::-:9:::-:10:::-:11::::-:12:::-:13::-:14:::14::-*:15::-*:16:::-*:17::::4:18::Escherichia coli:-:19::::+* ntt:20:Escherichia coli/Acinetobacter pittii:++:21::++:21:::::21:::
2:S4:H2_S4:control:157_Ge:S2:37.4:552::M:::-1:::2::+:5:-:5::-:5:-*:6:::-*:7:::7:::-:8::-:9:::-:10:::-:11::::-:12:::-:13::-:14:::14::-*:15::+?* 2:16:Acinetobacter pittii::-*:17::::-*:18:::++*:19::::++:20::-*:21::+:21:::::21:::
2:S4:H2_S4:control:173_Ge:S2:44.78:950::F:::-1:::2::+:5:-*:5::-*:5:-:6:::-:7:::7:::-:8::-:9:::-:10:::-:11::::-:12:::-:13::-:14:::14::-:15::-*:16:::-*:17::::-*:18:::++*:19::::++:20::+*:21::++:21:::::21:::
2:S4:H2_S4:control:178_Ge:S2:43.76:860::F:::-1:::2::+:5:-:5::-:5:-:6:::-:7:::7:::-:8::-:9:::-*:10:::-:11::::-:12:::-:13::-:14:::14::-:15::+* 20:16:Escherichia coli::10:17::::+* 2:18::Escherichia coli:++*:19:Acinetobacter pittii::Escherichia coli:++:20::-:21::+:21:::::21:::
2:S4:H2_S4:control:179_Ge:S2:37.3:896::F:::-1:::2::+:5:-:5::-:5:-:6:::-*:7:::7:::-:8::-:9:::-:10:::-:11::::-:12:::-:13::-:14:::14::-*:15::40:16:::+* 50:17:Acinetobacter pittii:Escherichia coli::++:18:::++:19::::++:20::++:21:::21:::::21:::
2:S4:H2_S4:control:180_Ge:S2:40.38:970::M:::-1:::2::+:5:-:5::-:5:-:6:::-*:7:::7:::-:8::-:9:::-:10:::-:11::::-:12:::-:13::-:14:::14::-:15::-*:16:::40:17::::3:18:::++:19::::++:20::++:21:::21:::::21:::
2:S5:H2_S5:control:101_Ge:S2:38.96:610:9390.00:F:::-1:::2::+:5:-*:5::-*:5:-*:6:::-*:7:::7:::-:8::-:9:::-:10:::-:11::::-:12:::-:13::-:14:::14::-:15::-*:16:::-:17::::++:18:::++:19::::++:20::++:21:::21:::::21:::
2:S5:H2_S5:control:102_Ge:S2:45.07:628::M:::-1:::2::+:5:-:5::-*:5:-:6:::-*:7:::7:::-:8::5:9::Enterobacter cloacae:2:10:Enterobacter cloacae::-:11::::-:12:::-:13::-:14:::14::-:15::-:16:::-:17::::-:18:::3:19::::++:20::+*:21::++ (mist):21:Escherichia coli::::21:::
2:S5:H2_S5:control:107_Ge:S2:44.47:818::M:::-1:::2::+:5:-*:5::-*:5:-:6:::-*:7:::7:::-:8::-:9:::-:10:::-:11::::-:12:::-:13::-:14:::14::-:15::-:16:::2:17::::-:18:::10:19::::++:20::-*:21:Escherichia coli:++:21:::::21:::
2:S5:H2_S5:control:110_Ge:S2:39.52:844::F::-:-1::-*:2::+:5:-:5::-:5:-:6:::-*:7::-*:7:::-:8::-:9:::-:10:::-:11::::-:12:::-:13::-:14::-*:14::-:15::-:16:::20:17::::++:18:::++:19::::++:20::++:21:::21::::+*:21:::
2:S5:H2_S5:control:118_Ge:S2:40.75:816::F:::-1:::2::+:5:-:5::-:5:-:6:::+?:7:Enterobacter cloacae::7:::-:8::-:9:::-:10:::-:11::::-:12:::-:13::-:14:::14::-:15::-*:16:::++:17::::++:18:::++:19::::++:20::++:21:::21:::::21:::
2:S5:H2_S5:control:122_Ge:S2:38.31:722::M:::-1:::2::+:5:-:5::-*:5:-:6:::-*:7:::7:::-:8::-:9:::-:10:::-:11::::-:12:::-:13::-:14:::14::-:15::-:16:::-:17::::40:18:::++:19::::50:20::-:21:::21:::::21:::
2:S5:H2_S5:control:139_Ge:S2:37.79:656::M:::-1:::2::+:5:-:5::-:5:+?:6:Enterobacter cloacae::-*:7:::7:::+?:8:Enterobacter cloacae:-:9:::-:10:::-:11::::-:12:::-:13::-:14:::14::-:15::-:16:::-:17::::++:18:::++:19::::++:20::++:21:::21:::::21:::
2:S5:H2_S5:control:143_Ge:S2:39.2:886::M:::-1:::2::+:5:-:5::-:5:-*:6:::-*:7:::7:::-:8::-:9:::-:10:::-:11::::-:12:::-:13::-:14:::14::-:15::-:16:::-:17::::++:18:::++:19::::++:20::++:21:::21:::::21:::
2:S5:H2_S5:control:145_Ge:S2:38.71:766::F:::-1:::2::+:5:-*:5::-:5:-*:6:::-*:7:::7:::-:8::-:9:::-*:10:::-:11::::-:12:::-:13::-:14:::14::-:15::-:16:::-:17::::++:18:::-:19::::++:20::++:21:::21:::::21:::
2:S5:H2_S5:control:166_Ge:S2:41.27:748::F:::-1:::2::+:5:-:5::-*:5:-:6:::-:7:::7:::-:8::-:9:::-:10:::-:11::::? 1:12::Klebsiella pneumoniae:-:13::-:14:::14::-:15::-:16:::-:17::::++:18:::++:19::::1:20::++:21:::21:::::21:::
2:S6:H2_S6:control:115_Ge:S2:40.74:714:9128.00:F:::-1:::2::+:5:-:5::?:5:-:6:::-*:7:::7:::-:8::-:9:::-:10:::-:11::::-:12:::-:13::-:14:::14::-:15::++:16:::++:17::::30:18:::3:19::::++:20::++:21:::21:::::21:::
2:S6:H2_S6:control:116_Ge:S2:40.9:816::F:::-1:::2::+:5:-*:5::-*:5:-:6:::-*:7:::7:::-:8::-:9:::-:10:::-:11::::-:12:::-:13::-:14:::14::-:15::-:16:::-:17::::-:18:::3:19::::-:20::++:21::+:21:::::21:::
2:S6:H2_S6:control:117_Ge:S2:39.72:760::M:::-1:::2::+:5:-*:5::-*:5:-*:6:::-*:7:::7:::-:8::1:9::Enterobacter cloacae:-:10:::-:11::::-:12:::-:13::-:14:::14::-:15::-:16:::-:17::::-:18:::15:19::::-:20::14:21::++:21:::::21:::
2:S6:H2_S6:control:125_Ge:S2:40.73:674::M::-:-1::-*:2::+:5:-*:5::-*:5:-*:6:::-:7::+*:7::Acinetobacter pittii:-:8::-:9:::-:10:::-:11::::-:12:::-:13::-:14::-*:14::-:15::-:16:::-:17::::30:18:::++:19::::++:20::-:21::++:21::::+*:21:::
2:S6:H2_S6:control:127_Ge:S2:43.81:734::F:::-1:::2::+:5:-*:5::-*:5:-*:6:::-*:7:::7:::+:8:Enterobacter cloacae:-:9:::-:10:::-:11::::-:12:::-:13::-:14:::14::-:15::-:16:::-:17::::-:18:::-:19::::-:20::27:21::+:21:::::21:::
2:S6:H2_S6:control:142_Ge:S2:38.17:670::M:::-1:::2::+:5:-:5::-*:5:-*:6:::+*?:7:::7:::-:8::-:9:::-:10:::-:11::::-:12:::-:13::-:14:::14::-:15::-:16:::-:17::::-:18:::-*:19::::++:20::++:21::++:21:::::21:::
2:S6:H2_S6:control:144_Ge:S2:43.74:784::M:::-1:::2::+:5:-*:5::-:5:-:6:::-*:7:::7:::-:8::-:9:::-:10:::-:11::::-:12:::-:13::-:14:::14::-:15::-:16:::-:17::::-:18:::5:19::::-:20::++:21::++:21:::::21:::
2:S6:H2_S6:control:160_Ge:S2:41.24:698::M:::-1:::2::+:5:-:5::-*:5:-:6:::-:7:::7:::-:8::-:9:::1:10:Enterobacter cloacae::-:11::::-:12:::+ ? 4:13:Enterobacter cloacae:-:14:::14::-:15::-:16:::-*:17::::-:18:::-:19::::-:20::++:21::++:21:::::21:::
2:S6:H2_S6:control:170_Ge:S2:36.73:740::M:::-1:::2::+:5:-:5::-:5:-*:6:::+*?:7:::7:::-:8::-:9:::-:10:::-:11::::-:12:::-:13::-:14:::14::-:15::-:16:::+* 20:17:Acinetobacter pittii:Escherichia coli::?:18::Enterococcus faecalis:-:19::::++:20::++:21::++:21:::::21:::
2:S6:H2_S6:control:175_Ge:S2:45.32:838::F:::-1:::2::+:5:-:5::-:5:-:6:::-:7:::7:::-:8::-:9:::-:10:::-:11::::-:12:::-:13::-:14:::14::-:15::-:16:::-:17::::-:18:::++:19::::13:20:Escherichia coli :8:21::+:21:::::21:::
2:S7:H2_S7:control:105_Ge:S2:40.33:950:10089.00:F:::-1:::2::+:5:-*:5::-*:5:-*:6:::+*?:7:::7:::-:8::3:9::Enterobacter cloacae:-:10:::-:11::::-:12:::-:13::-*:14:::14::-:15::-*:16:::+* 10:17:Escherichia coli:::-*:18:::-*:19::::-*:20::-:21::++* (mist):21:Escherichia coli::::21:::
2:S7:H2_S7:control:108_Ge:S2:38.35:650::M:::-1:::2::+:5:-*:5::-*:5:-*:6:::-*:7:::7:::-*:8::-:9:::-:10:::-*:11::::-:12:::-:13::?:14:Enterobacter cloacae::14::20:15:Enterobacter cloacae:-:16:::-:17::::+*? 2:18::Enterobacter cloacae:+* 3:19:Enterobacter cloacae/Acinetobacter pittii::Enterobacter cloacae:+* 6:20:Acinetobacter pittii:+*:21::++:21:::::21:::
2:S7:H2_S7:control:114_Ge:S2:41.42:838::M:::-1:::2::+:5:-*:5::-:5:-*:6:::-*:7:::7:::-:8::-:9:::-:10:::-:11::::-:12:::-:13::-*:14:::14::-*:15::-*:16:::-*:17::::-:18:::+* 4:19:Escherichia coli/Acinetobacter pittii:::-*:20::+*:21::++:21:::::21:::
2:S7:H2_S7:control:120_Ge:S2:41.09:666::M::-*:-1:Pseudomonas luteola:-*:2::+:5:-*:5::-*:5:-*:6:::-:7::-*:7:::-:8::-:9:::-*:10:::-:11::::-:12:::-:13::-*:14::+* ? 7:14:Acinetobacter pittii:-:15::-:16:::-*:17::::-*:18:::+*:19::::+*:20::+*:21::+:21::::+*:21:::
2:S7:H2_S7:control:132_Ge:S2:41.99:810::M:::-1:::2::+:5:-*:5::-:5:-*:6:::-*:7:::7:::-*:8::-:9:::1:10:Enterobacter cloacae::-:11::::-:12:::-:13::-*:14:::14::-:15::-*:16:::-*:17::::-*:18:::+*:19:Escherichia coli/Acinetobacter pittii:::++:20::+*:21:Acinetobacter pittii:+:21:::::21:::
2:S7:H2_S7:control:148_Ge:S2:40.95:994::M:::-1:::2::+:5:-*:5::-*:5:-:6:::-*:7:::7:::-:8::-:9:::-:10:::-:11::::-:12:::-:13::-:14:::14::-:15::-*:16:::-*:17::::-*:18:::+*:19::::+*:20::+*:21::+*:21:::::21:::
2:S7:H2_S7:control:149_Ge:S2:41.91:742::M:::-1:::2::+:5:?:5:Enterobacter cloacae:-*:5:-*:6:::-*:7:::7:::-:8::-:9:::+ ?:10:Enterococus hirae?::-:11::::-:12:::-:13::-:14:::14::-*:15::-*:16:::-*:17::::-*:18:::+?*:19:Escherichia coli/Acinetobacter pittii:::+*:20::+*:21::++*:21:::::21:::
2:S7:H2_S7:control:162_Ge:S2:41.22:672::F:::-1:::2::+:5:-*:5::-*:5:-*:6:::-*:7:::7:::-:8::-:9:::-:10:::-:11::::-:12:::-:13::-:14:::14::+* ? 1:15:Acinetobacter pittii:2:16:Enterobacter cloacae::+* 10:17:Escherichia coli:::+*? 1:18::Acinetobacter pittii:+* 10:19::::+*:20::++:21::++:21:::::21:::
2:S7:H2_S7:control:163_Ge:S2:40.15:710::F:::-1:::2::+:5:-*:5::-*:5:-:6:::-:7:::7:::-:8::-:9:::-:10:::-:11::::-:12:::-:13::-:14:::14::-:15::-*:16:::-*:17::::-*:18:::-*:19::::++:20::+* 15:21::++:21:::::21:::
2:S7:H2_S7:control:174_Ge:S2:40.12:886::F:::-1:::2::+:5:-*:5::-*:5:-*:6:::-*:7:::7:::-:8::++:9::Enterobacter cloacae:5:10:Enterobacter cloacae::-:11::::? 4:12::Enterobacter cloacae:+ ? 3:13:Enterobacter cloacae:-*:14:::14::-:15::-*:16:::-*:17::::-*:18:::-*:19::::+*:20::-* ?:21:Escherichia coli:++:21:::::21:::
2:S8:H2_S8:control:111_Ge:S2:35.6:870:8734.00:F:::-1:::2::+:5:-:5::-:5:-*:6:::-:7:::7:::+?:8:Enterobacter cloacae:+* 10:9:Enterobacter cloacae/Acinetobacter pittii::1:10:Enterobacter cloacae::50:11:Enterobacter cloacae::Enterobacter cloacae:-:12:::-:13::-:14:::14::-:15::-:16:::-*:17::::-:18:::-:19::::+* 10:20:Escherichia coli:+*:21::++:21:::::21:::
2:S8:H2_S8:control:112_Ge:S2:40.55:698::M:::-1:::2::+:5:-*:5::-*:5:-*:6:::+:7:no peaks::7:::-:8::-:9:::-:10:::-:11::::-:12:::-:13::-:14:::14::-:15::-:16:::-:17::::-:18:::-*:19::::++:20::-*:21::++ (mist):21:Escherichia coli::::21:::
2:S8:H2_S8:control:129_Ge:S2:48.46:614::M:::-1:::2::+:5:-*:5::-*:5:-:6:::-*:7:::7:::-:8::-:9:::+ ?:10:::-:11::::-:12:::-:13::-:14:::14::-:15::-:16:::-*:17::::-:18:::-*:19::::-*:20::-*:21::++:21:::::21:::
2:S8:H2_S8:control:133_Ge:S2:41.8:682::F::-*:-1::-*:2::+:5:-*:5::-*:5:-:6:::-:7::+*:7::Acinetobacter pittii:-:8::-:9:::-:10:::-:11::::-:12:::+ ? 1:13:Enterobacter cloacae:-:14::+* ? 10:14:Acinetobacter pittii:-:15::-:16:::++:17::::-:18:::-:19::::+*:20::+*:21::++ (mist):21:Escherichia coli:::+*:21:::
2:S8:H2_S8:control:137_Ge:S2:37.11:684::M:::-1:::2::+:5:-:5::-*:5:-*:6:::-:7:::7:::-:8::-:9:::-*:10:::-:11::::? 1:12::Enterobacter cloacae:+ ? 1:13:Enterobacter cloacae:-:14:::14::-:15::-:16:::-:17::::-:18:::-:19::::+*:20::-*:21::++ (mist):21::Escherichia coli:::21:::
2:S8:H2_S8:control:147_Ge:S2:45.66:800::F:::-1:::2::+:5:-:5::-:5:-*:6:::+:7:::7:::-:8::-*:9:::1:10:Enterobacter cloacae::-:11::::? 1:12:Enterobacter cloacae::-:13::-:14:::14::-:15::-:16:::-:17::::-:18:::-:19::::-*:20::+*:21::+*:21:::::21:::
2:S8:H2_S8:control:159_Ge:S2:41.03:636::M:::-1:::2::+:5:-:5::-:5:-*:6:::-:7:::7:::-:8::-:9:::-:10:::-:11::::-:12:::-:13::-:14:::14::-:15::-:16:::-:17::::? 2:18::Enterobacter cloacae:2:19::::-*:20::+*:21::+*:21:::::21:::
2:S8:H2_S8:control:161_Ge:S2:37.36:878::F:::-1:::2::+:5:-:5::-:5:-:6:::-:7:::7:::-:8::-:9:::-:10:::-:11::::? 1:12:Enterobacter cloacae::-:13::-:14:::14::-:15::-:16:::4:17:Escherichia coli:::1:18:::+*:19::::-*:20::-*:21::++ (mist):21::Escherichia coli:::21:::
2:S8:H2_S8:control:164_Ge:S2:41.42:676::F:::-1:::2::+:5:-:5::-*:5:-*:6:::-*:7:::7:::-:8::-:9:::-:10:::-:11::::-:12:::-:13::-*:14:::14::-:15::-:16:::++:17::::2:18:::++:19::::++:20::+* 4:21:Escherichia coli::21:::::21:::
2:S8:H2_S8:control:165_Ge:S2:38.15:566::mist:::-1:::2::+:5:-*:5::-:5:-*:6:::-:7:::7:::-:8::-:9:::-:10:::-:11::::-:12:::-:13::-:14:::14::-:15::-:16:::-:17::::-:18:::-*:19::::-*:20::-*:21::+:21:::::21:::
2:I9:H2_I9:control:101_Ro:S1:39.85:702:19176.00:M:::-1:::2::+:5:-*:5::-*:5:-*:6:::-*:7:::7:::+?:8:Enterobacter cloacae:mist:9:::++:10:::++:11::Escherichia coli::++:12:::++:13::++:14:::14::++:15::++:16:::++:17::::++:18:::++:19::::++*:20::++:21:::21:::::21:::
2:I9:H2_I9:control:102_Ro:S1:41.85:780::F:::-1:::2::+:5:-:5::-*:5:-:6:::+*?:7:Escherichia coli::7:::-*:8::-:9:::-:10:::24:11::Escherichia coli::++:12:::-:13::20:14:Escherichia coli::14::+* ? 4:15:Acinetobacter pittii:++:16:::++:17::::++:18:::++:19::::++:20::++:21:::21:::::21:::
2:I9:H2_I9:control:103_Ro:S1:40.67:768::F:::-1:::2::+:5:-:5::-:5:-*:6::Enterobacter cloacae:-*:7:::7:::-*:8::2:9::Escherichia coli:20:10:::11:11::Escherichia coli::++:12:::-:13::++:14:::14::++:15::++:16:::++:17::::++:18:::++:19::::++:20::++:21:::21:::::21:::
2:I9:H2_I9:control:104_Ro:S1:43.93:720::M::-:-1::-*:2::+:5:-:5::-*:5:-:6:::-*:7::+*:7::Acinetobacter pittii:-:8::1:9::Escherichia coli:-:10:::50:11::Escherichia coli::++:12:::20:13::++:14::++*:14::++:15::++:16:::++:17::::++:18:::++:19::::++:20::++:21:::21::::++*:21:::
2:I9:H2_I9:control:105_Ro:S1:41.33:668::F::-:-1::-*:2::+:5:-*:5::-*:5:+? 1:6::Acinetobacter pittii:-:7::-*:7::Acinetobacter nosocomialis:-*:8::-:9:::++:10:::++:11::Escherichia coli::++:12:::++:13::++:14::++*:14::++:15::++:16:::++:17::::++:18:::++:19::::++:20::++:21:::21::::++*:21:::
2:I9:H2_I9:control:106_Ro:I:40.38:882::M:::-1:::2::+:5:-*:5::-*:5:-*:6:::+?:7:Enterobacter cloacae::7:::-*:8::++:9::Escherichia coli:++:10:::++:11::::++:12:::++:13::++:14:::14::++:15::++:16:::++:17::::++:18:::++:19::::++:20::++:21:::21:::::21:::
2:I9:H2_I9:control:107_Ro:I:37.32:738::F:::-1:::2::+:5:-:5::-*:5:-*:6:::-*:7:::7:::-:8::+*:9:Escherichia coli::-:10:::-:11::::++:12:::++:13::++:14:::14::++:15::++:16:::++:17::::++:18:::+*:19::::++:20::++:21:::21:::::21:::
2:I9:H2_I9:control:108_Ro:S1:44.68:706::F:::-1:::2::+:5:-*:5::-:5:-*:6:::-*:7:::7:::-:8::-:9:::-:10:::-:11::::6:12:Escherichia coli::++:13::++:14:::14::++:15::++:16:::++*:17::::++:18:::+*:19::::+*:20::+*:21:Escherichia coli::21:::::21:::
2:I9:H2_I9:control:109_Ro:S1:42.61:uitgevallen:::::-1:::2:::5::5:::5::6::::7:::7::::8:::9::::10::::11:::::12::::13:::14:::14:::15:::16::::17:::::18::::19:::::20:::21:::21:::::21:::
2:I9:H2_I9:control:110_Ro:I:46.51:702::M:::-1:::2::+:5:-*:5::+?:5:+:6::Enterobacter cloacae/Acinetobacter pittii:-:7:::7:::+?:8:Enterobacter cloacae:1:9::Enterobacter cloacae:++:10:::++:11::::1:12:Escherichia coli::++:13::++:14:::14::++:15::++:16:::++:17::::++:18:::++:19::::++:20::++:21:::21:::::21:::
2:I9:H2_I9:control:111_Ro:I:46.65:756::M:::-1:::2::+:5:-:5::-*:5:-*:6:::-*:7:::7:::++:8:Escherichia coli:++:9::Escherichia coli:++:10:::++:11::::++:12:::++:13::++:14:::14::++:15::++:16:::++:17::::++:18:::++:19::::++:20::++:21:::21:::::21:::
2:I9:H2_I9:control:112_Ro:I:40.02:892::F:::-1:::2::+:5:-:5::-*:5:+? 1:6:Acinetobacter pittii/Enterobacter cloacae::-*:7:::7:::-*:8::++:9::Escherichia coli:++:10:::++:11::Escherichia coli::++:12:::++:13::++:14:::14::++:15::++:16:::++:17::::++:18:::++:19::::++:20::++:21:::21:::::21:::
2:I9:H2_I9:control:113_Ro:I:36.94:646::F:::-1:::2::+:5:?:5:Enterobacter cloacae:-*:5:+:6:::-*:7:::7:::-*:8::-:9:::10:10:::++:11::Escherichia coli::++:12:::-*:13::++:14:::14::++:15::++:16:::++:17::::++:18:::++:19::::++:20::++:21:::21:::::21:::
2:I9:H2_I9:control:114_Ro:I:38.16:694::M:::-1:::2::+:5:-:5::-*:5:-:6:::+*?:7:Escherichia coli/Acinetobacter pittii::7:::-:8::++:9::Escherichia coli:++:10:::++:11::Escherichia coli::++:12:::++:13::++:14:::14::++:15::++:16:::++:17::::++:18:::++:19::::++:20::++:21:::21:::::21:::
2:I9:H2_I9:control:115_Ro:S1:36.44:dag5 sectie:::::-1:::2::+:5:-*:5:::5::6::::7:::7::::8:::9::::10::::11:::::12::::13:::14:::14:::15:::16::::17:::::18::::19:::::20:::21:::21:::::21:::
2:I9:H2_I9:control:116_Ro:S1:41.62:920::F:::-1:::2::+:5:-*:5::-*:5:-*:6:::-*:7:::7:::-:8::+:9::Escherichia coli:++:10:::++:11::::++:12:::++:13::++:14:::14::++:15::++:16:::++:17::::++:18:::++:19::::++:20::++:21:::21:::::21:::
2:I9:H2_I9:control:117_Ro:S1:42.97:856::M:::-1:::2::+:5:-*:5::-*:5:-*:6:::-*:7:::7:::-:8::mist:9:::++:10:::++:11::::++:12:::++:13::++:14:::14::++:15::++:16:::++:17::::++:18:::++:19::::++:20::++:21:::21:::::21:::
2:I9:H2_I9:control:118_Ro:S1:38.41:uitgevallen:::::-1:::2:::5::5:::5::6::::7:::7::::8:::9::::10::::11:::::12::::13:::14:::14:::15:::16::::17:::::18::::19:::::20:::21:::21:::::21:::
2:I9:H2_I9:control:119_Ro:I:40.27:836::M:::-1:::2::+:5:-*:5::-:5:-:6:::-*:7:::7:::20:8:Escherichia coli:+:9::Escherichia coli:++:10:::++:11::Escherichia coli::++:12:::++:13::++:14:::14::++:15::++:16:::++:17::::++:18:::++:19::::++:20::++:21:::21:::::21:::
2:I9:H2_I9:control:120_Ro:I:38.1:758::M:::-1:::2::+:5:-:5::-:5:-*:6:::-*:7:::7:::-*:8::mist:9:::-:10:::++:11::::++:12:::++:13::++:14:::14::++:15::++:16:::++:17::::++:18:::++:19::::++:20::++:21:::21:::::21:::
2:I9:H2_I9:control:121_Ro:S1:42.25:1080::F:::-1:::2::+:5:?:5:Enterobacter cloacae:-*:5:-*:6:::-*:7:::7:::-:8::-:9:::3:10:::10:11::Escherichia coli:Escherichia coli:-:12:::20:13::++:14:::14::++:15::++:16:::++:17::::++:18:::++:19::::++:20::++:21:::21:::::21:::
2:I9:H2_I9:control:122_Ro:S1:35.41:dag5 sectie:::::-1:::2::+:5:-:5:::5::6::::7:::7::::8:::9::::10::::11:::::12::::13:::14:::14:::15:::16::::17:::::18::::19:::::20:::21:::21:::::21:::
2:I9:H2_I9:control:123_Ro:I:39.33:738::F:::-1:::2::+:5:-*:5::-:5:-*:6:Enterobacter cloacae/Acinetobacter pittii::-*:7:::7:::40:8:Escherichia coli:++:9::Escherichia coli:++:10:::++:11:Escherichia coli:Escherichia coli::++:12:::++:13::++:14:::14::++:15::++:16:::++:17::::++:18:::++:19::::++:20::++:21:::21:::::21:::
2:I9:H2_I9:control:124_Ro:S1:42.41:890::M:::-1:::2::+:5:-*:5::-*:5:-:6:::+*:7:::7:::-*:8::++:9::Escherichia coli:-:10:::++:11::::-:12:::++:13::++:14:::14::++:15::++:16:::++:17::::++:18:::++:19::::++:20::++:21:::21:::::21:::
3:S1:H3_S1:CE:11_Gr:S2:41.58:952:10220.00:F:::-1:::2::+:5:-*:5::-*:5:-:6:::-:7:::7:::-:8::-:9:::-:10:::-:11::::-:12:::-:13::-:14:::14::-:15::-*:16:::-:17::::-:18:::-:19::::-:20::-:21::-:21:::::21:::
3:S1:H3_S1:CE:14_Gr:S2:41.79:976::F:::-1:::2::+:5:-*:5::- :5:-*:6:::-*:7:::7:::-:8::-:9:::-:10:::-:11::::-:12:::-:13::-:14:::14::-:15::-:16:::-:17::::-:18:::-:19::::-*:20::-:21::-:21:::::21:::
3:S1:H3_S1:CE:24_Gr:S2:43.12:894::M:::-1:::2::+:5:-*:5::-:5:-*:6:::-*:7:::7:::-:8::-:9:::-:10:::-:11::::-:12:::-:13::-:14:::14::-:15::-:16:::-:17::::-:18:::-:19::::-:20::-:21::-:21:::::21:::
3:S1:H3_S1:CE:44_Gr:S2:42.22:720::F::-*:-1::-*:2::+:5:-*:5::-:5:-:6:::-:7::-*:7:::-:8::-:9:::-:10:::-:11::::-:12:::-:13::-:14::-*:14::-:15::-:16:::-:17::::-:18:::-:19::::-:20::-:21::-:21::::-*:21:::
3:S1:H3_S1:CE:54_Gr:S2:44.68:992::F:::-1:::2::+:5:-:5::-:5:-*:6:::-*:7:::7:::-:8::-:9:::-:10:::-:11::::-:12:::-:13::-:14:::14::-:15::-:16:::-:17::::-:18:::-:19::::-:20::-:21::-:21:::::21:::
3:S1:H3_S1:CE:55_Gr:S2:40.85:870::M:::-1:::2::+:5:-*:5::-*:5:-:6:::-:7:::7:::-:8::-*:9:::-:10:::-:11::::-:12:::-:13::-:14:::14::-:15::-:16:::-:17::::-*:18:::-:19::::-:20::-:21::-:21:::::21:::
3:S1:H3_S1:CE:63_Gr:S2:44.28:1056::F:::-1:::2::+:5:-*:5::-*:5:-*:6:::-:7:::7:::-*:8::-*:9:::-:10:::-:11::::-:12:::-:13::-:14:::14::-:15::-*:16:::-:17::::-:18:::-:19::::-:20::-:21::-:21:::::21:::
3:S1:H3_S1:CE:65_Gr:S2:46.67:706::F:::-1:::2::+:5:-*:5::-*:5:-*:6:::-:7:::7:::-:8::-:9:::-:10:::-:11::::-:12:::-:13::-:14:::14::-:15::-:16:::-:17::::-:18:::-:19::::-:20::-:21::-:21:::::21:::
3:S1:H3_S1:CE:70_Gr:S2:41.22:640::F:::-1:::2::+:5:-*:5::-*:5:-*:6:::-*:7:::7:::-:8::-:9:::-:10:::-:11::::-:12:::-:13::-:14:::14::-:15::-:16:::-:17::::-:18:::-:19::::-:20::-:21::-:21:::::21:::
3:S1:H3_S1:CE:71_Gr:S2:37.08:588::M:::-1:::2::+:5:-*:5::-*:5:-*:6:::-:7:::7:::-:8::-:9:::-:10:::-:11::::-:12:::-:13::-:14:::14::-:15::-:16:::-:17::::-:18:::-*:19::::-:20::-:21::-:21:::::21:::
3:S2:H3_S2:CE:10_Gr:S2:42.14:790:10090.00:M:::-1:::2::+:5:-*:5::-*:5:-*:6:::-:7:::7:::-:8::-:9:::-:10:::-:11::::-:12:::-:13::-:14:::14::-:15::-:16:::-*:17::::-*:18:::-*:19::::-*:20::-*:21::-*:21:::::21:::
3:S2:H3_S2:CE:23_Gr:S2:42.77:892::M:::-1:::2::+:5:-*:5::-*:5:-*:6:::-*:7:::7:::-:8::-:9:::-:10:::-*:11::::-:12:::-:13::-*:14:::14::-*:15::-:16:::-*:17::::-*:18:::-*:19::::-*:20::-*:21::-*:21:::::21:::
3:S2:H3_S2:CE:32_Gr:S2:40.31:886::F:::-1:::2::+:5:-*:5::-*:5:-:6:::-*:7:::7:::-:8::-:9:::-:10:::-:11::::-:12:::-:13::-:14:::14::-:15::-:16:::-*:17::::-*:18:::-*:19::::-*:20::-*:21::-*:21:::::21:::
3:S2:H3_S2:CE:33_Gr:S2:49.3:646::F::-:-1::-*:2::+:5:-:5::-:5:-*:6:::-*:7::-*:7:::-:8::-:9:::-:10:::-:11::::-:12:::-:13::-:14::-*:14::-:15::-:16:::-:17::::-*:18:::-*:19::::-*:20::-*:21::-:21::::-*:21:::
3:S2:H3_S2:CE:52_Gr:S2:39.25:964::M:::-1:::2::+:5:-*:5::-:5:-*:6:::-:7:::7:::-:8::-:9:::-:10:::-:11::::-:12:::-:13::-:14:::14::-:15::-:16:::-*:17::::-*:18:::-*:19::::-*:20::-*:21::-:21:::::21:::
3:S2:H3_S2:CE:56_Gr:S2:40.49:958::M:::-1:::2::+:5:-*:5::-*:5:-:6:::-*:7:::7:::-:8::-:9:::-:10:::-:11::::-:12:::-:13::-:14:::14::-:15::-:16:::-:17::::-*:18:::-*:19::::-*:20::-*:21::-*:21:::::21:::
3:S2:H3_S2:CE:57_Gr:S2:40.88:710::M:::-1:::2::+:5:-*:5::-*:5:-*:6:::-*:7:::7:::-:8::-:9:::-:10:::-:11::::-:12:::-:13::-:14:::14::-:15::-:16:::-*:17::::-*:18:::-*:19::::-*:20::-*:21::-*:21:::::21:::
3:S2:H3_S2:CE:59_Gr:S2:40.35:948::F:::-1:::2::+:5:-*:5::-*:5:-*:6:::-:7:::7:::-:8::-:9:::-:10:::-:11::::-:12:::-:13::-:14:::14::-:15::-:16:::-:17::::-*:18:::-*:19::::-*:20::-*:21::-*:21:::::21:::
3:S2:H3_S2:CE:66_Gr:S2:43.86:844::M:::-1:::2::+:5:-*:5::-:5:-*:6:::-*:7:::7:::-:8::-:9:::-:10:::-:11::::-:12:::-:13::-:14:::14::-:15::-:16:::-*:17::::-*:18:::-*:19::::-*:20::-*:21::-*:21:::::21:::
3:S2:H3_S2:CE:76_Gr:S2:41.26:826::F:::-1:::2::+:5:-*:5::-*:5:-*:6:::-*:7:::7:::-:8::-:9:::-:10:::-:11::::-:12:::-:13::-:14:::14::-:15::-:16:::-*:17::::-*:18:::-*:19::::-*:20::-*:21::-*:21:::::21:::
3:S3:H3_S3:CE:6_Gr:S2:44.65:690:9662.00:M:::-1:::2::+:5:-*:5::-*:5:-:6:::-*:7:::7:::-:8::-*:9:::-:10:::-:11::::-*:12:::-:13::-:14:::14::-*:15::-*:16:::-*:17::::-*:18:::-*:19::::-*:20::-*:21::-*:21:::::21:::
3:S3:H3_S3:CE:8_Gr:S2:41.29:960::M:::-1:::2::+:5:-*:5::-*:5:-*:6:::-:7:::7:::-:8::-:9:::-:10:::-:11::::-:12:::-:13::-:14:::14::-:15::-*:16:::-*:17::::-*:18:::-*:19::::-*:20::-*:21::-*:21:::::21:::
3:S3:H3_S3:CE:12_Gr:S2:39.81:762::F:::-1:::2::+:5:-*:5::-:5:-*:6:::-*:7:::7:::-:8::-:9:::-:10:::-:11::::-*:12:::-:13::-:14:::14::-*:15::-:16:::-*:17::::-*:18:::-*:19::::-*:20::-*:21::-:21:::::21:::
3:S3:H3_S3:CE:25_Gr:S2:39.62:770::M::-*:-1:Pseudomonas monteilii/Pseudomaonas putida:-*:2::+:5:-*:5::-*:5:-*:6:::-:7::-*:7:::-:8::-:9:::-:10:::-*:11::::-*:12:::-:13::-:14::-*:14::-:15::-:16:::-*:17::::-*:18:::-*:19::::-*:20::-*:21::-*:21::::-*:21:::
3:S3:H3_S3:CE:28_Gr:S2:44.78:930::M:::-1:::2::+:5:-*:5::-:5:-:6:::-*:7:::7:::-*:8::-:9:::-:10:::-*:11::::-:12:::-*:13::-:14:::14::-:15::-*:16:::-*:17::::-*:18:::-*:19::::-*:20::-*:21::-*:21:::::21:::
3:S3:H3_S3:CE:37_Gr:S2:41:838::M:::-1:::2::+:5:-*:5::-*:5:-*:6:::-*:7:::7:::-*:8::-:9:::-:10:::-*:11:::Acinetobacter pittii:-:12:::-:13::-:14:::14::-:15::-:16:::-*:17::::-*:18:::-*:19::::-*:20::-*:21::-*:21:::::21:::
3:S3:H3_S3:CE:48_Gr:S2:41.88:1000::M:::-1:::2::+:5:-*:5::-*:5:-*:6:::-:7:::7:::-:8::-:9:::-:10:::-:11::::-:12:::-:13::-:14:::14::-:15::-:16:::-*:17::::-*:18:::-*:19::::-*:20::-*:21::-*:21:::::21:::
3:S3:H3_S3:CE:67_Gr:S2:38.29:748::F:::-1:::2::+:5:-*:5::-*:5:-*:6:::-*:7:::7:::-*:8::-:9:::-:10:::-:11::::-*:12:::-:13::-:14:::14::-:15::-:16:::-*:17::::-*:18:::-*:19::::-*:20::-*:21::-*:21:::::21:::
3:S3:H3_S3:CE:69_Gr:S2:40.51:568::F:::-1:::2::+:5:-*:5::-*:5:-*:6:::-*:7:::7:::-:8::-:9:::-:10:::-:11::::-:12:::-:13::-:14:::14::-:15::-*:16:::-*:17::::-*:18:::-*:19::::-*:20::-*:21::-*:21:::::21:::
3:S3:H3_S3:CE:74_Gr:S2:44.81:784::M:::-1:::2::+:5:-*:5::-*:5:-*:6:::-:7:::7:::-*:8::-:9:::-*:10:::-:11::::-:12:::-:13::-:14:::14::-*:15::-*:16:::-*:17::::-*:18:::-*:19::::-*:20::-*:21::-*:21:::::21:::
3:S4:H3_S4:CE:9_Gr:S2:47.16:760:9944.00:M:::-1:::2::+:5:-:5::-*:5:-*:6:::-:7:::7:::-:8::-*:9:::-:10:::-:11::::-:12:::-:13::-*:14:::14::-:15::-:16:::-*:17::::-*:18:::-*:19::::-*:20::-*:21::-*:21:::::21:::
3:S4:H3_S4:CE:13_Gr:S2:43.01:704::M:::-1:::2::+:5:-*:5::-*:5:-*:6:::-:7:::7:::-:8::-:9:::-:10:::-:11::::-:12:::-:13::-:14:::14::-*:15::-:16:::-:17::::-*:18:::-*:19::::-*:20::-*:21::-:21:::::21:::
3:S4:H3_S4:CE:17_Gr:S2:42.58:702::F:::-1:::2::+:5:-*:5::-:5:-*:6:::-:7:::7:::-:8::-:9:::-:10:::-:11::::-:12:::-:13::-:14:::14::-*:15::-:16:::-*:17::::-*:18:::-*:19::::-*:20::-*:21::-*:21:::::21:::
3:S4:H3_S4:CE:20_Gr:S2:41.98:902::F::-*:-1::-*:2::+:5:-:5::-*:5:-*:6:::-*:7::-*:7:::-:8::-:9:::-:10:::-:11::::-:12:::-:13::-:14::-*:14::-:15::-:16:::-:17::::-*:18:::-*:19::::-*:20::-*:21::-:21::::-*:21:::
3:S4:H3_S4:CE:36_Gr:S2:39.9:944::M:::-1:::2::+:5:-:5::-*:5:-*:6:::-:7:::7:::-:8::-*:9:::-:10:::-*:11::::-:12:::-:13::-:14:::14::-:15::-*:16:::-:17::::-*:18:::-*:19::::-*:20::-*:21::-:21:::::21:::
3:S4:H3_S4:CE:41_Gr:S2:40.19:828::F:::-1:::2::+:5:-*:5::-*:5:-*:6:::-*:7:::7:::-:8::-:9:::-:10:::-*:11::::-:12:::-:13::-:14:::14::-:15::-:16:::-:17::::-*:18:::-*:19::::-*:20::-*:21::-:21:::::21:::
3:S4:H3_S4:CE:47_Gr:S2:41.89:684::M:::-1:::2::+:5:-:5::-*:5:-*:6:::-*:7:::7:::-:8::-:9:::-:10:::-*:11::::-:12:::-:13::-:14:::14::-:15::-:16:::-:17::::-*:18:::-*:19::::-*:20::-*:21::-:21:::::21:::
3:S4:H3_S4:CE:60_Gr:S2:42.44:938::F:::-1:::2::+:5:-:5::-*:5:-*:6:::-:7:::7:::-:8::-:9:::-:10:::-:11::::-:12:::-:13::-:14:::14::-:15::-:16:::-*:17::::-:18:::-*:19::::-*:20::-*:21::-:21:::::21:::
3:S4:H3_S4:CE:72_Gr:S2:44.01:950::F:::-1:::2::+:5:-:5::-*:5:-:6:::-:7:::7:::-:8::-:9:::-:10:::-:11::::-:12:::-:13::-:14:::14::-:15::-*:16:::-*:17::::-*:18:::-*:19::::-*:20::-*:21::-*:21:::::21:::
3:S4:H3_S4:CE:78_Gr:S2:37.38:866::M:::-1:::2::+:5:-:5::-*:5:-*:6:::-*:7:::7:::-:8::-*:9:::-:10:::-:11::::-:12:::-:13::-*:14:::14::-:15::-:16:::-*:17::::-*:18:::-*:19::::-*:20::-*:21::-:21:::::21:::
3:S5:H3_S5:CE:4_Gr:S2:42.04:900:10226.00:M:::-1:::2::+:5:-*:5::-*:5:-*:6:::-*:7:::7:::-:8::-:9:::-:10:::-:11::::-:12:::-*:13::-*:14:::14::-*:15::-*:16:::-*:17::::-*:18:::-*:19::::-*:20::-*:21::-*:21:::::21:::
3:S5:H3_S5:CE:5_Gr:S2:37.25:774::M:::-1:::2::+:5:-*:5::-:5:-*:6:::-:7:::7:::-:8::-:9:::-:10:::-:11::::-:12:::-*:13::-:14:::14::-*:15::-*:16:::-*:17::::-*:18:::-*:19::::-*:20::-*:21::-:21:::::21:::
3:S5:H3_S5:CE:16_Gr:S2:41.82:902::F:::-1:::2::+:5:-*:5::-*:5:-*:6:::-*:7:::7:::-:8::-:9:::-:10:::-:11::::-:12:::-*:13::-*:14:::14::-:15::-*:16:::-*:17::::-*:18:::-*:19::::-*:20::-*:21::-*:21:::::21:::
3:S5:H3_S5:CE:22_Gr:S2:45.09:892::F::-*:-1::-*:2::+:5:-*:5::-:5:-:6:::-*:7::-*:7:::-:8::-:9:::-*:10:::-:11::::-:12:::-:13::-*:14::-*:14::-*:15::-*:16:::-*:17::::-*:18:::-*:19::::-*:20::-*:21::-*:21::::-*:21:::
3:S5:H3_S5:CE:31_Gr:S2:46.81:922::F:::-1:::2::+:5:-*:5::-*:5:-*:6:::-*:7:::7:::-:8::-:9:::-:10:::-:11::::-*:12:::-:13::-*:14:::14::-*:15::-*:16:::-*:17::::-*:18:::-*:19::::-*:20::-*:21::-*:21:::::21:::
3:S5:H3_S5:CE:35_Gr:S2:36.45:812::M:::-1:::2::+:5:-*:5::-*:5:-*:6:::-*:7:::7:::-:8::-:9:::-:10:::-:11::::-:12:::-:13::-:14:::14::-*:15::? *:16:Acinetobacter pittii::-*:17::::-*:18:::-*:19::::-*:20::-*:21::-*:21:::::21:::
3:S5:H3_S5:CE:51_Gr:S2:41.48:1016::M:::-1:::2::+:5:-*:5::-*:5:-*:6:::-*:7:::7:::-:8::-:9:::-:10:::-:11::::-*:12:::-*:13::-:14:::14::-*:15::-*:16:::-*:17::::-*:18:::-*:19::::-*:20::-*:21::-*:21:::::21:::
3:S5:H3_S5:CE:62_Gr:S2:38.77:704::M:::-1:::2::+:5:-*:5::-:5:-*:6:::-*:7:::7:::-*:8::-:9:::-:10:::-:11::::-:12:::-:13::-*:14:::14::-*:15::-*:16:::-*:17::::-*:18:::-*:19::::-*:20::-*:21::-:21:::::21:::
3:S5:H3_S5:CE:64_Gr:S2:42.82:700::M:::-1:::2::+:5:-*:5::-:5:?:6:Acinetobacter pittii::-:7:::7:::-:8::-:9:::-:10:::-:11::::-:12:::-:13::-:14:::14::-*:15::-*:16:::-*:17::::-*:18:::-*:19::::-*:20::-*:21::-:21:::::21:::
3:S5:H3_S5:CE:73_Gr:S2:42.86:792::F:::-1:::2::+:5:-:5::-*:5:-*:6:::-*:7:::7:::-:8::-:9:::-:10:::-:11::::-*:12:::-:13::-:14:::14::-*:15::-*:16:::-*:17::::-*:18:::-*:19::::-*:20::-*:21::-*:21:::::21:::
3:S6:H3_S6:CE:7_Gr:S2:43.7:924:9946.00:M:::-1:::2::+:5:-:5::-:5:-*:6:::-:7:::7:::-:8::-:9:::-:10:::-:11::::-:12:::-:13::-:14:::14::-*:15::-:16:::-:17::::-:18:::-*:19::::-:20::-*:21::-*:21:::::21:::
3:S6:H3_S6:CE:18_Gr:S2:38.52:960::F:::-1:::2::+:5:-:5::-*:5:-*:6:::-:7:::7:::-:8::-:9:::-:10:::-:11::::-:12:::-:13::-:14:::14::-:15::-:16:::-:17::::-:18:::-*:19::::-*:20::-*:21::-:21:::::21:::
3:S6:H3_S6:CE:34_Gr:S2:45.42:856::M:::-1:::2::+:5:-*:5::-*:5:-*:6:::-*:7:::7:::-:8::-:9:::-*:10:::-:11::::-:12:::-:13::-:14:::14::-:15::-:16:::-:17::::-:18:::-:19::::-:20::-:21::-*:21:::::21:::
3:S6:H3_S6:CE:39_Gr:S2:40.83:734::M::-:-1::-*:2::+:5:-*:5::-*:5:-*:6:::-*:7::-*:7:::-:8::-:9:::-:10:::-:11::::-:12:::-:13::-:14::-*:14::-:15::-*:16:::-:17::::-:18:::-:19::::-*:20::-*:21::-*:21::::-*:21:::
3:S6:H3_S6:CE:43_Gr:S2:42.64:874::F:::-1:::2::+:5:-*:5::-*:5:-*:6:::-*:7:::7:::-:8::-:9:::-:10:::-:11::::-:12:::-:13::-:14:::14::-:15::-:16:::-:17::::-:18:::-:19::::-:20::-*:21::-:21:::::21:::
3:S6:H3_S6:CE:49_Gr:S2:37.02:742::M:::-1:::2::+:5:-*:5::-*:5:-*:6:::-:7:::7:::-:8::-:9:::-:10:::-:11::::-:12:::-:13::-:14:::14::-:15::-:16:::-:17::::-:18:::-:19::::-:20::-:21::-*:21:::::21:::
3:S6:H3_S6:CE:53_Gr:S2:36.01:756::M:::-1:::2::+:5:-:5::-*:5:-:6:::-:7:::7:::-:8::-:9:::-:10:::-:11::::-:12:::-:13::-:14:::14::-:15::-:16:::-:17::::-:18:::-*:19::::-*:20::-*:21::-*:21:::::21:::
3:S6:H3_S6:CE:68_Gr:S2:40.39:670::M:::-1:::2::+:5:-*:5::-*:5:-*:6:::-:7:::7:::-*:8::-:9:::-:10:::-:11::::-:12:::-:13::-:14:::14::+* ?:15:Enterococcus hirae:-:16:::-:17::::-*:18:::-:19::::-:20::-*:21::-:21:::::21:::
3:S6:H3_S6:CE:75_Gr:S2:41.11:698::F:::-1:::2::+:5:-*:5::-:5:-*:6:::-:7:::7:::-:8::-:9:::-:10:::-:11::::-:12:::-*:13::-* ?:14:Acinetobacter pittii::14::-:15::-:16:::-*:17::::-:18:::-:19::::-:20::-*:21::-*:21:::::21:::
3:S6:H3_S6:CE:79_Gr:S2:39.45:824::F:::-1:::2::+:5:-*:5::-*:5:-*:6:::-*:7:::7:::-:8::-:9:::-:10:::-:11::::-:12:::-*:13::-:14:::14::-:15::-:16:::-:17::::-:18:::-:19::::-*:20::-*:21::-:21:::::21:::
3:S7:H3_S7:CE:3_Gr:S2:41.44:764:10162.00:M:::-1:::2::+:5:-*:5::-:5:-*:6:::-*:7:::7:::-*:8::-:9:::-*:10:::-*:11::::-*:12:::-*:13::-*:14:::14::-*:15::-*:16:::-*:17::::-*:18:::-*:19::::-*:20::-*:21::-:21:::::21:::
3:S7:H3_S7:CE:15_Gr:S2:41.28:946::F:::-1:::2::+:5:-*:5::-:5:-*:6:::-*:7:::7:::-*:8::-:9:::-*:10:::-:11::::-*:12:::-*:13::-:14:::14::-*:15::-*:16:::-*:17::::-*:18:::-*:19::::-:20::-*:21::-*:21:::::21:::
3:S7:H3_S7:CE:19_Gr:S2:37.3:692::M:::-1:::2::+:5:-*:5::-*:5:-*:6:::-*:7:::7:::-*:8::-*:9:::-*:10:::-*:11::::-*:12:::-*:13::-*:14:::14::-*:15::-*:16:::-*:17::::-*:18:::-*:19::::-*:20::-*:21::-*:21:::::21:::
3:S7:H3_S7:CE:26_Gr:S2:39.99:744::M::-*:-1::-*:2::+:5:-*:5::-*:5:-*:6:::+?:7::-*:7:::-*:8::-*:9:::-*:10:::-*:11::::-*:12:::-*:13::-*:14::-*:14::-*:15::-*:16:::-*:17::::-*:18:::-*:19::::-*:20::-*:21::-*:21::::-*:21:::
3:S7:H3_S7:CE:29_Gr:S2:47.03:1012::M:::-1:::2::+:5:-*:5::-*:5:-*:6:::-*:7:::7:::-*:8::-*:9:::-*:10:::-*:11::::-*:12:::-*:13::-*:14:::14::-*:15::-*:16:::-*:17::::-*:18:::-*:19::::-*:20::-*:21::-*:21:::::21:::
3:S7:H3_S7:CE:38_Gr:S2:41.53:784::M:::-1:::2::+:5:-*:5::-:5:-*:6:::-*:7:::7:::-*:8::-*:9:::-*:10:::-*:11::::-*:12:::-*:13::-:14:::14::-*:15::-*:16:::-*:17::::-*:18:::-*:19::::-*:20::-*:21::-*:21:::::21:::
3:S7:H3_S7:CE:40_Gr:S2:40.01:720::M:::-1:::2::+:5:-*:5::-*:5:-*:6:::-*:7:::7:::-*:8::-*:9:::-*:10:::-*:11::::-*:12:::-*:13::-*:14:::14::-+* ? 1:15:Acinetobacter pittii:-*:16:::-*:17::::-*:18:::-*:19::::-*:20::-*:21::-*:21:::::21:::
3:S7:H3_S7:CE:42_Gr:S2:42.44:704::M:::-1:::2::+:5:-*:5::-*:5:-*:6:::-*:7:::7:::-*:8::-*:9:::-*:10:::-*:11::::-*:12:::-*:13::-*:14:::14::-*:15::-*:16:::-*:17::::-*:18:::-*:19::::-*:20::-*:21::-*:21:::::21:::
3:S7:H3_S7:CE:46_Gr:S2:48.45:938::M:::-1:::2::+:5:-*:5::-*:5:-*:6:::-*:7:::7:::-*:8::-*:9:::-*:10:::-*:11::::-*:12:::-*:13::-*:14:::14::-*:15::-*:16:::-*:17::::-*:18:::-*:19::::-*:20::-*:21::-*:21:::::21:::
3:S7:H3_S7:CE:80_Gr:S2:41.9:960::M:::-1:::2::+:5:-*:5::-*:5:-*:6:::-*:7:::7:::-*:8::-*:9:::-*:10:::-*:11::::-*:12:::-*:13::-*:14:::14::-*:15::-*:16:::-*:17::::-*:18:::-*:19::::-*:20::-*:21::-*:21:::::21:::
3:S8:H3_S8:CE:1_Gr:S2:42.02:694:9914.00:M:::-1:::2::+:5:-*:5::-*:5:-:6:::-:7:::7:::-*:8::-:9:::-:10:::-:11::::-*:12:::-*:13::-:14:::14::-:15::-:16:::-:17::::-:18:::-*:19::::-*:20::-*:21::-:21:::::21:::
3:S8:H3_S8:CE:2_Gr:S2:38.25:640::M:::-1:::2::+:5:-*:5::-*:5:-:6:::-:7:::7:::-:8::-:9:::-:10:::-:11::::-*:12:Acinetobacter pittii::-:13::-*:14:::14::-:15::-:16:::-:17::::-:18:::-*:19::::-*:20::-*:21::-:21:::::21:::
3:S8:H3_S8:CE:21_Gr:S2:38.82:880::F:::-1:::2::+:5:-*:5::-:5:-*:6:::-*:7:::7:::-:8::-:9:::-:10:::-:11::::-:12:::-:13::-:14:::14::-:15::-:16:::-:17::::-:18:::-*:19::::-:20::-*:21::-*:21:::::21:::
3:S8:H3_S8:CE:27_Gr:S2:40.86:954::F::-:-1::-*:2::+:5:-*:5::-*:5:-*:6:::-:7::-*:7:::-:8::-:9:::-:10:::-:11::::-*:12:::-:13::-:14::-*:14::-:15::-:16:::-:17::::-:18:::-*:19::::-*:20::-*:21::-*:21::::-*:21:::
3:S8:H3_S8:CE:30_Gr:S2:49.25:1004::M:::-1:::2::+:5:-:5::-:5:-:6:::-:7:::7:::-:8::-:9:::-:10:::-:11::::-*:12:::-:13::-:14:::14::-:15::-:16:::-:17::::-:18:::-:19::::-*:20::-*:21::-:21:::::21:::
3:S8:H3_S8:CE:45_Gr:S2:37.25:788::F:::-1:::2::+:5:-*:5::-*:5:-*:6:::-*:7:::7:::-:8::-:9:::-:10:::-*:11::::-:12:::-*:13:Acinetobacter pittii:-:14:::14::-:15::-:16:::-:17::::-*:18:::-*:19::::-*:20::-*:21::-:21:::::21:::
3:S8:H3_S8:CE:50_Gr:S2:40.82:1002::M:::-1:::2::+:5:-*:5::-*:5:-*:6:::-*:7:::7:::-:8::-:9:::-:10:::-:11::::-:12:::-:13::-*:14:::14::-:15::-*:16:::-:17::::-:18:::-*:19::::-*:20::-*:21::-:21:::::21:::
3:S8:H3_S8:CE:58_Gr:S2:47.17:700::M:::-1:::2::+:5:-*:5::-*:5:-*:6:::-*:7:::7:::-*:8::-:9:::-:10:::-:11::::-:12:::-:13::-*:14:::14::-*:15::-:16:::-:17::::-:18:::-*:19::::-*:20::-*:21::-:21:::::21:::
3:S8:H3_S8:CE:61_Gr:S2:38.67:804::F:::-1:::2::+:5:-*:5::-*:5:-*:6:::-:7:::7:::-*:8::-*:9:::-:10:::-:11::::-:12:::-:13::-:14:::14::-:15::-:16:::-:17::::-:18:::-*:19::::-*:20::-*:21::-:21:::::21:::
3:S8:H3_S8:CE:77_Gr:S2:43.58:704::M:::-1:::2::+:5:-*:5::-:5:-*:6:::-:7:::7:::-:8::-:9:::-:10:::-:11::::-*:12:::-:13::-:14:::14::-:15::-:16:::-:17::::-:18:::-*:19::::-*:20::-*:21::-:21:::::21:::
3:I9:H3_I9:CE:1_Bl:S1:35.88:dag5 sectie:20480.00::::-1:::2::+:5:-*:5:::5::6::::7:::7::::8:::9::::10::::11:::::12::::13:::14:::14:::15:::16::::17:::::18::::19:::::20:::21:::21:::::21:::
3:I9:H3_I9:CE:2_Bl:S1:39.54:690::M:::-1:::2::+:5:-*:5::-*:5:-*:6:::-*:7:::7:::-:8::-:9:::-:10:::-:11::::-:12:::-*:13::-*:14:::14::-*:15::-*:16:::-*:17::::-*:18:::-*:19::::-*:20::-*:21::-:21:::::21:::
3:I9:H3_I9:CE:3_Bl:I:42.55:1048::M:::-1:::2::+:5:-*:5::-*:5:-*:6:::-*:7:::7:::-*:8::-:9:::-:10:::-:11::::-:12:::-*:13::-*:14:::14::-*:15::-*:16:::-*:17::::-*:18:::-*:19::::-*:20::-*:21::-*:21:::::21:::
3:I9:H3_I9:CE:4_Bl:S1:41.1:986::F::-*:-1::-*:2::+:5:-*:5::-:5:-*:6:::-*:7::-*:7:::-:8::-:9:::-:10:::-:11::::-:12:::-:13::-*:14::-*:14::-*:15::-:16:::-:17::::-*:18:::-:19::::-*:20::-*:21::-*:21::::-*:21:::
3:I9:H3_I9:CE:5_Bl:S1:37.61:dag5 sectie::::-:-1::-*:2::+:5:-*:5:::5::6::::7:::7::::8:::9::::10::::11:::::12::::13:::14::-*:14:::15:::16::::17:::::18::::19:::::20:::21:::21::::-*:21:::
3:I9:H3_I9:CE:6_Bl:I:41.17:826::M:::-1:::2::+:5:-*:5::-*:5:?:6:Acinetobacter pittii::-*:7:::7:::-:8::-:9:::-:10:::-:11::::-:12:::-:13::-*:14:::14::-*:15::-*:16:::-:17::::-*:18:::-:19::::-*:20::-*:21::-*:21:::::21:::
3:I9:H3_I9:CE:7_Bl:I:43.44:896::M:::-1:::2::+:5:-*:5::-*:5:-*:6:::-*:7:::7:::-:8::-:9:::-:10:::-:11::::-:12:::-:13::-*:14:::14::-*:15::-*:16:::-*:17::::-*:18:::-:19::::-*:20::-*:21::-*:21:::::21:::
3:I9:H3_I9:CE:8_Bl:I:40.32:812::M:::-1:::2::+:5:-:5::-:5:-*:6:::-*:7:::7:::-:8::-:9:::-:10:::-:11::::-:12:::-:13::-*:14:::14::-*:15::-*:16:::-*:17::::-*:18:::-*:19::::-*:20::-*:21::-:21:::::21:::
3:I9:H3_I9:CE:9_Bl:S1:39.27:662::M:::-1:::2::+:5:-*:5::-*:5:-:6:::-:7:::7:::-:8::-:9:::-:10:::-:11::::-:12:::-:13::-*:14:::14::-*:15::-*:16:::-*:17::::-*:18:::-:19::::-*:20::-*:21::-:21:::::21:::
3:I9:H3_I9:CE:10_Bl:S1:35.22:dag5 sectie:::::-1:::2::+:5:-*:5:::5::6::::7:::7::::8:::9::::10::::11:::::12::::13:::14:::14:::15:::16::::17:::::18::::19:::::20:::21:::21:::::21:::
3:I9:H3_I9:CE:11_Bl:I:43.54:844::M:::-1:::2::+:5:-*:5::-*:5:-*:6:::-:7:::7:::-*:8::-:9:::-:10:::-:11::::-:12:::-:13::-*:14:::14::-*:15::-*:16:::-*:17::::-*:18:::-*:19::::-*:20::-*:21::-:21:::::21:::
3:I9:H3_I9:CE:12_Bl:S1:40.46:862::M:::-1:::2::+:5:-*:5::-*:5:-:6:::-*:7:::7:::-:8::-:9:::-:10:::-:11::::-:12:::-*:13::-*:14:::14::-*:15::-*:16:::-*:17::::-*:18:::-*:19::::-*:20::-*:21::-*:21:::::21:::
3:I9:H3_I9:CE:13_Bl:I:41.38:1012::M:::-1:::2::+:5:-*:5::-*:5:-*:6:::-*:7:::7:::-:8::-:9:::-:10:::-:11::::-:12:::-:13::-*:14:::14::-*:15::-*:16:::-*:17::::? 1:18:Acinetobacter pittii::-*:19::::-*:20::-*:21::-*:21:::::21:::
3:I9:H3_I9:CE:14_Bl:S1:40.5:824::M:::-1:::2::+:5:-*:5::-*:5:-*:6:::-*:7:::7:::-:8::-:9:::-:10:::-:11::::-*:12:::-*:13::-*:14:::14::-*:15::-*:16:::-*:17::::-*:18:::-*:19::::-*:20::-*:21::-:21:::::21:::
3:I9:H3_I9:CE:15_Bl:S1:39.44:784::M:::-1:::2::+:5:-*:5::-*:5:-*:6:::-*:7:::7:::-:8::-*:9:::-:10:::-:11::::-:12:::-:13::-*:14:::14::-*:15::-*:16:::-*:17::::-*:18:::-*:19::::-*:20::-*:21::-*:21:::::21:::
3:I9:H3_I9:CE:16_Bl:I:41.07:834::F:::-1:::2::+:5:-:5::-*:5:-*:6:::-*:7:::7:::-:8::-:9:::-:10:::-:11::::-:12:::-:13::-*:14:::14::-:15::-*:16:::-:17::::-*:18:::-*:19::::-*:20::-*:21::-:21:::::21:::
3:I9:H3_I9:CE:17_Bl:S1:42.92:920::M:::-1:::2::+:5:-:5::-*:5:-*:6:::-:7:::7:::-:8::-*:9:::-:10:::-:11::::-:12:::-*:13::-:14:::14::-*:15::-*:16:::-*:17::::-*:18:::-*:19::::-*:20::-*:21::-:21:::::21:::
3:I9:H3_I9:CE:18_Bl:I:39.57:1088::M:::-1:::2::+:5:-:5::-*:5:-*:6:::-*:7:::7:::-:8::-:9:::-:10:::-:11::::-:12:::-:13::-*:14:::14::-*:15::-*:16:::-*:17::::-*:18:::-:19::::-*:20::-*:21::-*:21:::::21:::
3:I9:H3_I9:CE:19_Bl:S1:38.84:uitgevallen:::::-1:::2:::5::5:::5::6::::7:::7::::8:::9::::10::::11:::::12::::13:::14:::14:::15:::16::::17:::::18::::19:::::20:::21:::21:::::21:::
3:I9:H3_I9:CE:20_Bl:S1:41.07:796::M:::-1:::2::+:5:-*:5::-*:5:mist:6:::-*:7:::7:::-:8::-:9:::-:10:::-:11::::-*:12:::-:13::-*:14:::14::-*:15::-*:16:::-*:17::::-*:18:::-*:19::::-*:20::-*:21::-:21:::::21:::
3:I9:H3_I9:CE:21_Bl:S1:43.55:846::F:::-1:::2::+:5:mist:5::-*:5:-*:6:::-:7:::7:::-:8::-:9:::-:10:::-:11::::-:12:::-:13::-*:14:::14::-*:15::-*:16:::-*:17::::-:18:::-*:19::::-*:20::-*:21::-:21:::::21:::
3:I9:H3_I9:CE:22_Bl:I:41.66:876::M:::-1:::2::+:5:-:5::-:5:-:6:::-*:7:::7:::-:8::-:9:::-:10:::-:11::::-:12:::-*:13::-*:14:::14::-*:15::-*:16:::-*:17::::-*:18:::-*:19::::-*:20::-*:21::-:21:::::21:::
3:I9:H3_I9:CE:23_Bl:I:44.21:526::M:::-1:::2::+:5:-:5::-*:5:-:6:::-:7:::7:::-*:8::-:9:::-:10:::-:11::::-:12:::-:13::-*:14:::14::-*:15::-*:16:::-*:17::::-*:18:::-*:19::::-*:20::-*:21::-:21:::::21:::
3:I9:H3_I9:CE:24_Bl:S1:43.04:620::M:::-1:::2::+:5:-:5::-:5:-*:6:::-*:7:::7:::-*:8::-:9:::-:10:::-:11::::-*:12:::-:13::-*:14:::14::-*:15::-*:16:::-*:17::::-*:18:::-*:19::::-*:20::-*:21::-:21:::::21:::
4:S1:H4_S1:CE:105_Gr:S2:40.38:722:9916.00:F:::-1:::2::+:5:-*:5::-:5:-:6:::-:7:::7:::-:8::-:9:::-:10:::-:11::::-*:12:::-:13::-:14:::14::-*:15::-*:16:::-*:17::::-*:18:::-*:19::::-*:20::-*:21::-*:21:::::21:::
4:S1:H4_S1:CE:131_Gr:S2:41.77:656::M:::-1:::2::+:5:-:5::-:5:-*:6:::-*:7:::7:::-:8::-:9:::-:10:::-*:11::::-*:12:::-*:13::-:14:::14::-*:15::-*:16:::-*:17::::-*:18:::-*:19::::-*:20::-*:21::-*:21:::::21:::
4:S1:H4_S1:CE:133_Gr:S2:42.33:814::F:::-1:::2::+:5:-:5::-:5:-*:6:::-:7:::7:::-:8::-*:9:::-:10:::-*:11::::-*:12:::-:13::-*:14:::14::-*:15::-*:16:::-*:17::::-*:18:::-*:19::::-*:20::-*:21::-:21:::::21:::
4:S1:H4_S1:CE:146_Gr:S2:37.98:1010::M::-:-1::-*:2::+:5:-*:5::-*:5:-:6:::-:7::-*:7:::-:8::-:9:::-:10:::-*:11::::-*:12:::-*:13::-*:14::-*:14::-:15::-*:16:::-*:17::::-*:18:::-*:19::::-*:20::-*:21::-:21::::-*:21:::
4:S1:H4_S1:CE:148_Gr:S2:41.92:712::M:::-1:::2::+:5:-*:5::-:5:-:6:::-:7:::7:::-:8::-:9:::-:10:::-:11::::-*:12:::-:13::-*:14:::14::-*:15::-*:16:::-*:17::::-*:18:::-*:19::::-*:20::-*:21::-:21:::::21:::
4:S1:H4_S1:CE:151_Gr:S2:44.47:968::M:::-1:::2::+:5:-:5::-:5:-*:6:::-:7:::7:::-:8::-:9:::-:10:::-*:11::::-*:12:::-:13::-:14:::14::-*:15::-*:16:::-:17::::-*:18:Acinetobacter pittii::-*:19::::-*:20::-*:21::-:21:::::21:::
4:S1:H4_S1:CE:152_Gr:S2:42.85:938::M:::-1:::2::+:5:-:5::-:5:-*:6:::-:7:::7:::-:8::-:9:::-:10:::-*:11::::-*:12:::-*:13::-*:14:::14::-:15::-:16:::-*:17::::-*:18:::-*:19::::-*:20::-*:21::-:21:::::21:::
4:S1:H4_S1:CE:153_Gr:S2:42.62:858::F:::-1:::2::+:5:-*:5::-:5:-:6:::-:7:::7:::-:8::-:9:::-:10:::-:11::::-*:12:::-*:13::-*:14:::14::-:15::-*:16:::-*:17::::-*:18:::-*:19::::-*:20::-:21::-*:21:::::21:::
4:S1:H4_S1:CE:158_Gr:S2:47.29:714::F:::-1:::2::+:5:-*:5:Klebsiella pneumoniae/ Acinetobacter pitii:-:5:-:6:::-:7:::7:::-:8::-:9:::-:10:::-:11::::-*:12:::-:13::-:14:::14::-:15::-:16:::-*:17::::-*:18:::-*:19::::-*:20::-*:21::-*:21:::::21:::
4:S1:H4_S1:CE:166_Gr:S2:48.51:964::M:::-1:::2::+:5:-*:5::-:5:-*:6:::-*:7:::7:::-:8::-:9:::-:10:::-:11::::-*:12:::-:13::-*:14:::14::-:15::-:16:::-*:17::::-*:18:::-*:19::::-*:20::-*:21::-:21:::::21:::
4:S2:H4_S2:CE:116_Gr:S2:37.28:886:10687.00:M:::-1:::2::+:5:-*:5::-*:5:-*:6:::-*:7:::7:::-:8::-:9:::-:10:::-:11::::-:12:::-:13::-:14:::14::-:15::-:16:::-*:17::::-:18:::-:19::::-* ?:20::-*:21::-*:21:::::21:::
4:S2:H4_S2:CE:120_Gr:S2:44.8:886::F:::-1:::2::+:5:-*:5::-:5:-*:6:::-*:7:::7:::-:8::-:9:::-:10:::-:11::::-:12:::-:13::-:14:::14::-:15::-*:16:::-*:17::::-:18:::-*:19::::-*:20::-:21::-:21:::::21:::
4:S2:H4_S2:CE:121_Gr:S2:35.87:822::M:::-1:::2::+:5:-*:5::-:5:-*:6:::-*:7:::7:::-:8::-:9:::-:10:::-:11::::-:12:::-:13::-:14:::14::-:15::-:16:::-:17::::-:18:::-:19::::-*:20::-*:21::-*:21:::::21:::
4:S2:H4_S2:CE:128_Gr:S2:37:740::F::-:-1::-*:2::+:5:-*:5::-*:5:-*:6:::-*:7::+* 20:7:::-:8::-:9:::-:10:::-:11::::-:12:::-:13::-:14::-*:14::-:15::-*:16:::-:17::::-:18:::-:19::::-*:20::-*:21::-:21::::-*:21:::
4:S2:H4_S2:CE:130_Gr:S2:41.22:902::F:::-1:::2::+:5:-*:5::-*:5:-*:6:::-*:7:::7:::-:8::-:9:::-:10:::-:11::::-:12:::-:13::-:14:::14::-:15::-:16:::-:17::::-:18:::-*:19::::-:20::-*:21::-*:21:::::21:::
4:S2:H4_S2:CE:147_Gr:S2:41.6:822::M:::-1:::2::+:5:-*:5::-*:5:-*:6:::-*:7:::7:::-*:8::-:9:::-:10:::-:11::::-:12:::-:13::-:14:::14::-:15::-:16:::-:17::::-:18:::-*:19::::-:20::-*?:21:Acinetobacter pittii:-:21:::::21:::
4:S2:H4_S2:CE:155_Gr:S2:40.59:865::M:::-1:::2::+:5:-*:5::-*:5:-*:6:::-*:7:::7:::-:8::-*:9:::-:10:::-:11::::-:12:::-:13::-:14:::14::-:15::-:16:::-:17::::-:18:::-*:19::::-*:20::-*:21::-*:21:::::21:::
4:S2:H4_S2:CE:157_Gr:S2:41.5:620::F:::-1:::2::+:5:-:5::-*:5:-*:6:::-*:7:::7:::-:8::-:9:::-:10:::-:11::::-:12:::-:13::-:14:::14::-:15::-:16:::-:17::::-:18:::-:19::::-:20::-:21::-:21:::::21:::
4:S2:H4_S2:CE:159_Gr:S2:44.09:1076::F:::-1:::2::+:5:-*:5::-*:5:-*:6:::-*:7:::7:::-:8::-:9:::-:10:::-:11::::-:12:::-:13::-:14:::14::-:15::-:16:::-:17::::-:18:::-:19::::-*:20::-*:21::-:21:::::21:::
4:S2:H4_S2:CE:164_Gr:S2:40.94:888::F:::-1:::2::+:5:-*:5::-*:5:-*:6:::-*:7:::7:::-:8::-:9:::-:10:::-:11::::-:12:::-:13::-:14:::14::-:15::-:16:::-:17::::-:18:::-*:19::::-*:20::-*:21::-:21:::::21:::
4:S3:H4_S3:CE:101_Gr:S2:38.09:760:10460.00:F:::-1:::2::+:5:-*:5::-:5:-*:6:::-*:7:::7:::-:8::-:9:::-:10:::-:11::::-:12:::-:13::-:14:::14::-:15::-*:16:::-*:17::::-:18:::-:19::::-:20::-*:21::-*:21:::::21:::
4:S3:H4_S3:CE:102_Gr:S2:43.83:924::F:::-1:::2::+:5:-*:5::-*:5:-*:6:::-*:7:::7:::-:8::-:9:::-:10:::-*:11::::-:12:::-:13::-:14:::14::-:15::-*:16:::-:17::::-:18:::-:19::::-:20::-*:21::-:21:::::21:::
4:S3:H4_S3:CE:117_Gr:S2:40.56:738::F:::-1:::2::+:5:-*:5::-:5:-:6:::-*:7:::7:::-:8::-:9:::-:10:::-*:11::::-:12:::-:13::-:14:::14::-:15::-:16:::-:17::::-:18:::-:19::::-:20::-*:21::-*:21:::::21:::
4:S3:H4_S3:CE:118_Gr:S2:46.41:938::F::-:-1::-*:2::+:5:-*:5::-*:5:-:6:::-:7::-*:7:::-:8::-:9:::-:10:::-:11::::-:12:::-:13::-:14::-* ?:14:Psuedomonas putida/Acinetobacter pittii:-:15::-:16:::-*:17::::-:18:::-:19::::?:20:Acinetobacter pittii:-*:21::-:21::::-*:21:::
4:S3:H4_S3:CE:122_Gr:S2:39.94:864::F:::-1:::2::+:5:-*:5::-*:5:-*:6:::-*:7:::7:::-*:8::-:9:::-:10:::-:11::::-:12:::-:13::-:14:::14::-:15::-*:16:::-:17::::-:18:::-*:19::::-*:20::-*:21::-*:21:::::21:::
4:S3:H4_S3:CE:125_Gr:S2:40.5:750::F:::-1:::2::+:5:-*:5::-*:5:-*:6:::-*:7:::7:::-:8::-:9:::-:10:::-:11::::-:12:::-:13::-:14:::14::-:15::-:16:::-:17::::-:18:::-*:19::::-:20::-*:21::-*:21:::::21:::
4:S3:H4_S3:CE:139_Gr:S2:46.92:916::F:::-1:::2::+:5:-:5::-:5:-*:6:::-:7:::7:::-:8::-:9:::-:10:::-:11::::-:12:::-:13::-:14:::14::-:15::-:16:::-:17::::-:18:::-*:19::::-*:20::-*:21::-:21:::::21:::
4:S3:H4_S3:CE:144_Gr:S2:43.27:788::M:::-1:::2::+:5:-:5::-:5:-*:6:::-:7:::7:::-:8::-*:9:::-:10:::-:11::::-:12:::-:13::-:14:::14::-:15::-:16:::-:17::::-*:18:::-:19::::-:20::-*:21::-*:21:::::21:::
4:S3:H4_S3:CE:150_Gr:S2:38.45:900::F:::-1:::2::+:5:-:5::-:5:-*:6:::-:7:::7:::-:8::-:9:::-:10:::-:11::::-:12:::-:13::-:14:::14::-:15::-:16:::-:17::::-:18:::-:19::::-:20::-*:21::-:21:::::21:::
4:S3:H4_S3:CE:174_Gr:S2:43.61:852::M:::-1:::2::+:5:-*:5::-*:5:-*:6:::-:7:::7:::-:8::-:9:::-:10:::-:11::::-:12:::-:13::-:14:::14::-:15::-:16:::-:17::::-:18:::-:19::::-:20::-*:21::-:21:::::21:::
4:S4:H4_S4:CE:107_Gr:S2:44.39:1002:10570.00:F:::-1:::2::+:5:-*:5::-*:5:-*:6:::-*:7:::7:::-:8::-:9:::-:10:::-:11::::-:12:::-*:13::-*:14:::14::-*:15::-:16:::-:17::::-*:18:::-*:19::::-*:20::-*:21::-*:21:::::21:::
4:S4:H4_S4:CE:109_Gr:S2:40.3:974::F:::-1:::2::+:5:-*:5::-*:5:-*:6:::-*:7:::7:::-:8::-:9:::-*:10:::-:11::::-:12:::-:13::-:14:::14::-*:15::-:16:::-:17::::-*:18:::-*:19::::-*:20::-:21::-:21:::::21:::
4:S4:H4_S4:CE:115_Gr:S2:41.82:974::M:::-1:::2::+:5:-*:5::-*:5:-*:6:::-*:7:::7:::-:8::-:9:::-:10:::-:11::::-:12:::-*:13::-*:14:::14::-:15::-:16:::-:17::::-*:18:::-*:19::::-*:20::-*:21::-:21:::::21:::
4:S4:H4_S4:CE:124_Gr:S2:38.76:888::M::-*:-1:Acinetobacter baumannii:-*:2::+:5:-:5::-*:5:-*:6:::-*:7::-*:7:::-:8::-:9:::-:10:::-:11::::-:12:::-*:13::-:14::-*:14::-*:15::-*:16:::-*:17::::-*:18:::-*:19::::-*:20::-*?:21:Acinetobacter pittii:-*:21::::-*:21:::
4:S4:H4_S4:CE:135_Gr:S2:41.09:990::F:::-1:::2::+:5:-*:5::-*:5:-*:6:::-*:7:::7:::-:8::-:9:::-:10:::-:11::::-:12:::-*:13::-*:14:::14::-*? 1:15:Acinetobacter pittii:-:16:::-:17::::-*:18:::-*:19::::-*:20::-*:21::-:21:::::21:::
4:S4:H4_S4:CE:136_Gr:S2:39.1:632::F:::-1:::2::+:5:-:5::-*:5:-*:6:::-:7:::7:::-*:8::-:9:::-:10:::-:11::::-:12:::-*:13::-*:14:::14::-* ?:15::-:16:::-:17::::-*:18:::-*:19::::-*:20::-*:21::-*:21:::::21:::
4:S4:H4_S4:CE:137_Gr:S2:41.5:792::F:::-1:::2::+:5:-:5::-*:5:-*:6:::-*:7:::7:::-:8::-:9:::-:10:::-:11::::-:12:::-*:13::-:14:::14::-:15::-:16:::-:17::::-*:18:::-*:19::::-:20::-*:21::-*:21:::::21:::
4:S4:H4_S4:CE:154_Gr:S2:40.41:1010::F:::-1:::2::+:5:-:5::-*:5:-*:6:::-*:7:::7:::-:8::-:9:::-:10:::-:11::::-:12:::-*:13::-*:14:::14::-:15::-:16:::-:17::::-*:18:::-*:19::::-*:20::-*:21::-*:21:::::21:::
4:S4:H4_S4:CE:163_Gr:S2:43.25:748::F:::-1:::2::+:5:-:5::-*:5:-*:6:::-*:7:::7:::-*:8::-:9:::-:10:::-:11::::-:12:::-*:13::-*?:14:Acinetobacter pittii::14::-:15::-:16:::-*:17::::-:18:::-*:19::::-:20::-:21::-*:21:::::21:::
4:S4:H4_S4:CE:178_Gr:S2:42.55:664::F:::-1:::2::+:5:-*:5::-*:5:-*:6:::-*:7:::7:::-:8::-:9:::-:10:::-:11::::-:12:::-:13::-:14:::14::-:15::-:16:::-:17::::-*:18:::-*:19::::-*:20::-*:21::-:21:::::21:::
4:S5:H4_S5:CE:108_Gr:S2:40.67:748:9746.00:F:::-1:::2::+:5:-*:5::-*:5:-*:6:::-*:7:::7:::-:8::-:9:::-:10:::-:11::::-:12:::-:13::-:14:::14::-:15::-:16:::-:17::::-:18:::-:19::::?:20:Acinetobacter pittii:-*:21::-:21:::::21:::
4:S5:H4_S5:CE:111_Gr:S2:41.89:706::F:::-1:::2::+:5:-*:5::-:5:-*:6:::-:7:::7:::-:8::-:9:::-:10:::-:11::::-:12:::-:13::-:14:::14::-:15::-:16:::-:17::::-*:18:::-*:19::::-*:20::-*:21::-*:21:::::21:::
4:S5:H4_S5:CE:127_Gr:S2:41.1:598::M:::-1:::2::+:5:-*:5::-*:5:-*:6:::-*:7:::7:::-:8::-:9:::-:10:::-:11::::-:12:::-:13::-:14:::14::-:15::-:16:::-:17::::-:18:::-*:19::::-*:20::-*:21::-:21:::::21:::
4:S5:H4_S5:CE:132_Gr:S2:42:1168::M::-:-1::-*:2::+:5:-*:5::-*:5:-*:6:::-*:7::-*:7:::-:8::-:9:::-:10:::-:11::::-:12:::-:13::-:14::-*:14::-:15::-:16:::-:17::::-:18:::-:19::::-*:20::-*:21::-:21::::-*:21:::
4:S5:H4_S5:CE:138_Gr:S2:37.26:696::M:::-1:::2::+:5:-:5::-:5:-*:6:::-*:7:::7:::-:8::-:9:::-:10:::-:11::::-:12:::-:13::-:14:::14::-:15::-:16:::-:17::::-:18:::-*:19::::-*:20::-*:21::-*:21:::::21:::
4:S5:H4_S5:CE:141_Gr:S2:48.15:1006::F:::-1:::2::+:5:-*:5::-*:5:-*:6:::-*:7:::7:::-:8::-:9:::-:10:::-:11::::-:12:::-:13::-:14:::14::-:15::-:16:::-:17::::-*:18:::-:19::::-*:20::-*:21::-*:21:::::21:::
4:S5:H4_S5:CE:142_Gr:S2:41.44:830::M:::-1:::2::+:5:-*:5::-:5:-*:6:::-*:7:::7:::-:8::-:9:::-:10:::-:11::::-:12:::-:13::-:14:::14::-:15::-*:16:::-:17::::-:18:::-*:19::::-:20::-*:21::-:21:::::21:::
4:S5:H4_S5:CE:162_Gr:S2:34.93:866::M:::-1:::2::+:5:-*:5::-*:5:-*:6:::-*:7:::7:::-:8::-:9:::-:10:::-:11::::-:12:::-:13::-:14:::14::-:15::-:16:::-:17::::-:18:::-:19::::-*:20::-:21::-*:21:::::21:::
4:S5:H4_S5:CE:168_Gr:S2:42.31:uitgevallen:::::-1:::2::+:5:-*:5::-*:5:-*:6:::-*:7:::7:::-:8::-:9:::-:10::::11:::::12::::13:::14:::14:::15:::16::::17:::::18::::19:::::20:::21:::21:::::21:::
4:S5:H4_S5:CE:176_Gr:S2:42.02:802::M:::-1:::2::+:5:-:5::-:5:-*:6:::-*:7:::7:::-:8::-:9:::-:10:::-:11::::-:12:::-:13::-*:14:::14::-:15::-:16:::-:17::::-:18:::-*:19::::-*:20::-*:21::-:21:::::21:::
4:S6:H4_S6:CE:110_Gr:S2:41.12:994:10458.00:F:::-1:::2::+:5:-:5::-*:5:-*:6:::-*:7:::7:::-*:8::-*:9:::-:10:::-:11::::-:12:::-:13::-*:14:::14::-*:15::-*:16:::-*:17::::-*:18:::-*:19::::-*:20::-*:21::-:21:::::21:::
4:S6:H4_S6:CE:114_Gr:S2:44.52:798::F:::-1:::2::+:5:-:5::-:5:-:6:::-*:7:::7:::-:8::-:9:::-:10:::-*:11::::-:12:::-*:13::-:14:::14::-:15::-*:16:::-*:17::::-*:18:::-*:19::::-*:20::-*:21::-:21:::::21:::
4:S6:H4_S6:CE:126_Gr:S2:40.05:814::M:::-1:::2::+:5:-*:5::-*:5:-*:6:::-*:7:::7:::-:8::-*:9:::-:10:::-:11::::-:12:::-:13::-:14:::14::-:15::-*:16:::-*:17::::-*:18:::-*:19::::-*:20::-*:21::-*:21:::::21:::
4:S6:H4_S6:CE:145_Gr:S2:37.63:884::F::-:-1::-*:2::+:5:-*:5::-*:5:-*:6:::-*:7::-*:7:::-:8::-:9:::-:10:::-:11::::-:12:::-*:13::-:14::-*:14::-:15::-*:16:::-*:17::::-*:18:::-*:19::::-*:20::-:21::-:21::::-*:21:::
4:S6:H4_S6:CE:149_Gr:S2:42.7:1112::M:::-1:::2::+:5:-*:5::-:5:-*:6:::-*:7:::7:::-*:8::-*:9:::-*:10:::-:11::::-:12:::-:13::-*:14:::14::-:15::-*:16:::-:17::::-*:18:::-*:19::::-*:20::-*:21::-:21:::::21:::
4:S6:H4_S6:CE:156_Gr:S2:40.31:804::F:::-1:::2::+:5:-*:5::-*:5:-*:6:::-:7:::7:::-:8::-:9:::-:10:::-:11::::-:12:::-:13::-:14:::14::-:15::-:16:::-*:17::::-*:18:::-*:19::::-*:20::-*:21::-*:21:::::21:::
4:S6:H4_S6:CE:161_Gr:S2:37.18:778::M:::-1:::2::+:5:-:5::-:5:?:6:::-*:7:::7:::-:8::-:9:::-:10:::-:11::::-:12:::-:13::-:14:::14::-*:15::-*:16:::-*:17::::-*:18:::-*:19::::-*:20::-*:21::-:21:::::21:::
4:S6:H4_S6:CE:165_Gr:S2:37.46:678::F:::-1:::2::+:5:-*:5::-:5:-*:6:::-*:7:::7:::-:8::-:9:::-:10:::-:11::::-:12:::-:13::-:14:::14::-:15::-*:16:::-*:17::::-*:18:::-*:19::::-*:20::-*:21::-*:21:::::21:::
4:S6:H4_S6:CE:171_Gr:S2:45.47:1022::M:::-1:::2::+:5:-:5::-*:5:-*:6:::-:7:::7:::-:8::-:9:::-:10:::-:11::::-:12:::-:13::-*:14:::14::-:15::-:16:::-*:17::::-*:18:::-*:19::::-*:20::-*:21::-:21:::::21:::
4:S6:H4_S6:CE:180_Gr:S2:34.83:764::M:::-1:::2::+:5:-*:5::-*:5:-*:6:::-*:7:::7:::-*:8::-:9:::-:10:::-:11::::-:12:::-:13::-:14:::14::-:15::-*:16:::-*:17::::-*:18:::-*:19::::-*:20::-*:21::-:21:::::21:::
4:S7:H4_S7:CE:106_Gr:S2:42.35:744:9380.00:F:::-1:::2::+:5:-:5::-:5:-*:6:::-*:7:::7:::-:8::-:9:::-:10:::-:11::::-:12:::-:13::-:14:::14::-:15::-:16:::-*:17::::-*:18:::-*:19::::-*:20::-*:21::-*:21:::::21:::
4:S7:H4_S7:CE:112_Gr:S2:37.29:938::F:::-1:::2::+:5:-:5::-:5:-*:6:::-:7:::7:::-:8::-:9:::-:10:::-:11::::-:12:::-:13::-:14:::14::-:15::-:16:::-*:17::::-*:18:::-*:19::::-*:20::-*:21::-*:21:::::21:::
4:S7:H4_S7:CE:113_Gr:S2:35.13:306::F:::-1:::2::+:5:-*:5::-:5:-:6:::-*:7:::7:::-:8::-:9:::-*:10:::-:11::::-:12:::-:13::-:14:::14::-:15::-:16:::-*:17::::-*:18:::-*:19::::-*:20::-*:21::-:21:::::21:::
4:S7:H4_S7:CE:123_Gr:S2:38.12:666::M::-:-1::-*:2::+:5:-*:5::-*:5:-*:6:::-*:7::-*:7:::-:8::-:9:::-:10:::-:11::::-:12:::-:13::-:14::-*:14::-:15::-:16:::-*:17::::-*:18:::-*:19::::-*:20::-*:21::-*:21::::-*:21:::
4:S7:H4_S7:CE:134_Gr:S2:39.69:910::F:::-1:::2::+:5:-:5::-:5:-:6:::-:7:::7:::-*:8::-:9:::-:10:::-:11::::-:12:::-:13::-:14:::14::-:15::-:16:::-:17::::-*:18:::-*:19::::-*:20::-*:21::-*:21:::::21:::
4:S7:H4_S7:CE:140_Gr:S2:38.82:770::M:::-1:::2::+:5:-*:5::-:5:-:6:::-*:7:::7:::-*:8::-:9:::-:10:::-:11::::-:12:::-:13::-:14:::14::-:15::-:16:::-:17::::-*:18:::-*:19::::-*:20::-*:21::-*:21:::::21:::
4:S7:H4_S7:CE:143_Gr:S2:39.25:766::F:::-1:::2::+:5:-:5::-:5:-:6:::-:7:::7:::-*:8::-:9:::-:10:::-:11::::-:12:::-:13::-:14:::14::-:15::-:16:::-*:17::::-*:18:::-*:19::::-*:20::-*:21::-*:21:::::21:::
4:S7:H4_S7:CE:170_Gr:S2:42.77:680::F:::-1:::2::+:5:-*:5::-:5:-*:6:::-*:7:::7:::-:8::-:9:::-:10:::-*:11::::-:12:::-:13::-*:14:::14::? 1:15:Enterococcus hirae:-:16:::-*:17::::-*:18:::-*:19::::-*:20::-*:21::-*:21:::::21:::
4:S7:H4_S7:CE:173_Gr:S2:37.83:806::F:::-1:::2::+:5:-*:5::-:5:-*:6:::-*:7:::7:::-:8::-:9:::-:10:::-:11::::-:12:::-:13::-:14:::14::-:15::-*:16:::-*:17::::-*:18:::-*:19::::-*:20::-*:21::-*:21:::::21:::
4:S7:H4_S7:CE:175_Gr:S2:41.63:820::F:::-1:::2::+:5:-*:5::-*:5:-:6:::-*:7:::7:::-:8::-:9:::-:10:::-:11::::-*:12:::-:13::-:14:::14::-*:15::-*:16:::-*:17::::-*:18:::-*:19::::-*:20::-*:21::-*:21:::::21:::
4:S8:H4_S8:CE:103_Gr:S2:37.18:970:9640.00:M:::-1:::2::+:5:-:5::-:5:-*:6:::-*:7:::7:::-:8::-*:9:::-:10:::-:11::::-*:12:::-:13::-:14:::14::-:15::-*:16:::-:17::::-:18:::-*:19::::-*:20::-*:21::-*:21:::::21:::
4:S8:H4_S8:CE:104_Gr:S2:43.45:776::M:::-1:::2::+:5:-:5::-:5:-:6:::-*:7:::7:::-:8::-:9:::-:10:::-:11::::-:12:::-:13::-:14:::14::-:15::-:16:::-:17::::-:18:::-*:19::::-*:20::-*:21::-*:21:::::21:::
4:S8:H4_S8:CE:119_Gr:S2:43.48:938::F:::-1:::2::+:5:-*:5::-*:5:-*:6:::-:7:::7:::-:8::-:9:::-:10:::-:11::::-:12:::-:13::-:14:::14::-:15::-:16:::-:17::::-:18:::-*:19::::-*:20::-*:21::-*:21:::::21:::
4:S8:H4_S8:CE:129_Gr:S2:47.4:864::F::-:-1::-*:2::+:5:-*:5::-:5:-:6:::-:7::-*:7:::-:8::-:9:::-:10:::-:11::::-:12:::-:13::-:14::-*:14::-:15::-:16:::-:17::::-:18:::-*:19::::-*:20::-*:21::-*:21::::-*:21:::
4:S8:H4_S8:CE:160_Gr:S2:41.84:736::M:::-1:::2::+:5:-*:5::-:5:-:6:::-:7:::7:::-:8::-:9:::-:10:::-:11::::-:12:::-:13::-:14:::14::-:15::-:16:::-:17::::-*:18:::-*:19::::-*:20::-*:21::-*:21:::::21:::
4:S8:H4_S8:CE:167_Gr:S2:37.95:788::F:::-1:::2::+:5:-*:5::-*:5:-*:6:::-*:7:::7:::-:8::-:9:::-:10:::-:11::::-:12:::-:13::-:14:::14::-:15::-:16:::-:17::::-:18:::-*:19::::-*:20::-*:21::-*:21:::::21:::
4:S8:H4_S8:CE:169_Gr:S2:37.7:694::M:::-1:::2::+:5:-*:5::-*:5:-:6:::-:7:::7:::-:8::-:9:::-:10:::-*:11::::-*:12:::-:13::-:14:::14::-:15::-:16:::-:17::::-:18:::-:19::::-*:20::-*:21::-*:21:::::21:::
4:S8:H4_S8:CE:172_Gr:S2:38.98:664::F:::-1:::2::+:5:-*:5::-*:5:-:6:::-*:7:::7:::-:8::-:9:::-:10:::-:11::::-*:12:::-:13::-:14:::14::-:15::-:16:::-:17::::-:18:::-*:19::::-*:20::-*:21::-*:21:::::21:::
4:S8:H4_S8:CE:177_Gr:S2:44.54:954::F:::-1:::2::+:5:-*:5::-*:5:-*:6:::-:7:::7:::-:8::-:9:::-:10:::-:11::::-*:12:::-:13::-:14:::14::-:15::-:16:::-:17::::-:18:::-*:19::::-*:20::-*:21::-*:21:::::21:::
4:S8:H4_S8:CE:179_Gr:S2:39.37:694::M:::-1:::2::+:5:-*:5::-*:5:-:6:::-*:7:::7:::-:8::-:9:::-:10:::-:11::::-:12:::-:13::-:14:::14::-:15::?:16::no peaks:-:17::::-:18:::-*:19::::-*:20::-*:21::-*:21:::::21:::
4:I9:H4_I9:CE:101_Bl:S1:42.67:686:21140.00:M:::-1:::2::+:5:-:5::-*:5:-*:6:::-*:7:::7:::-*:8::-*:9:::-*:10:::-:11::::-:12:::-:13::-:14:::14::-:15::-:16:::-:17::::-:18:::-*:19::::-*:20::-*:21::-*:21:::::21:::
4:I9:H4_I9:CE:102_Bl:I:38.7:776::F:::-1:::2::+:5:-:5::-:5:-:6:::-*:7:::7:::-*:8::-:9:::-:10:::-:11::::-:12:::-:13::-:14:::14::-:15::-*:16:::-*:17::::-*:18:::-*:19::::-*:20::-*:21::-*:21:::::21:::
4:I9:H4_I9:CE:103_Bl:S1:34.59:dag5 sectie:::::-1:::2::+:5:-*:5:::5::6::::7:::7::::8:::9::::10::::11:::::12::::13:::14:::14:::15:::16::::17:::::18::::19:::::20:::21:::21:::::21:::
4:I9:H4_I9:CE:104_Bl:S1:45.08:908::F::-:-1::-*:2::+:5:-*:5::-*:5:-*:6:::-:7::-*:7:::-:8::-*:9:::-:10:::-:11::::-:12:::-:13::-:14::-*:14::-*:15::-:16:::-*:17::::-*:18:::-*:19::::-*:20::-*:21::-*:21::::-*:21:::
4:I9:H4_I9:CE:105_Bl:I:41.59:890::F::-*:-1::-*:2::+:5:-*:5::-:5:-*:6:::-:7::-*:7:::-:8::-:9:::-:10:::-:11::::-:12:::-:13::-:14::-*:14::-:15::-:16:::-:17::::-*:18:::-:19::::-*:20::-*:21::-*:21::::-*:21:::
4:I9:H4_I9:CE:106_Bl:S1:42.45:940::M:::-1:::2::+:5:-*:5::-:5:-:6:::-*:7:::7:::-:8::-:9:::-:10:::-:11::::-:12:::-:13::-:14:::14::-:15::-*:16:::-:17::::-*:18:::-*:19::::-*:20::-*:21::-*:21:::::21:::
4:I9:H4_I9:CE:107_Bl:S1:42:988::F:::-1:::2::+:5:-:5::-:5:-*:6:::-*:7:::7:::-:8::-:9:::-:10:::-:11::::-:12:::-:13::-:14:::14::-*:15::-*:16:::-:17::::-*:18:::-*:19::::-*:20::-*:21::-*:21:::::21:::
4:I9:H4_I9:CE:108_Bl:I:40.57:888::F:::-1:::2::+:5:-:5::-*:5:-*:6:::-*:7:::7:::-:8::-:9:::-:10:::-:11::::-:12:::-:13::-:14:::14::-:15::-:16:::-:17::::-*:18:::-*:19::::-*:20::-*:21::-*:21:::::21:::
4:I9:H4_I9:CE:109_Bl:S1:47.32:754::F:::-1:::2::+:5:-*:5::-:5:-:6:::-:7:::7:::-:8::-:9:::-:10:::-:11::::-:12:::-:13::-:14:::14::-:15::-:16:::-:17::::-*:18:::-*:19::::-*:20::-*:21::-*:21:::::21:::
4:I9:H4_I9:CE:110_Bl:I:39.29:966::F:::-1:::2::+:5:-*:5::-:5:-*:6:::-:7:::7:::-:8::-:9:::-:10:::-:11::::-:12:::-:13::-:14:::14::-:15::-*:16:::-:17::::-*:18:::-*:19::::-*:20::-*:21::-*:21:::::21:::
4:I9:H4_I9:CE:111_Bl:S1:39.01:814::F:::-1:::2::+:5:-:5::-:5:-*:6:::-*:7:::7:::-:8::-:9:::-:10:::-:11::::-:12:::-:13::-:14:::14::-:15::-:16:::-:17::::-*:18:::-*:19::::-* ?:20:Acinetobacter pittii:-*:21::-*:21:::::21:::
4:I9:H4_I9:CE:112_Bl:S1:41.06:dag5 sectie:::::-1:::2::+:5:-:5:::5::6::::7:::7::::8:::9::::10::::11:::::12::::13:::14:::14:::15:::16::::17:::::18::::19:::::20:::21:::21:::::21:::
4:I9:H4_I9:CE:113_Bl:I:40.04:846::F:::-1:::2::+:5:-*:5::-*:5:-*:6:::-*:7:::7:::-*:8::-:9:::-:10:::-:11::::-:12:::-:13::-:14:::14::-:15::-*:16::Acinetobacter pittii:-*:17::::-*:18:::-*:19::::-*:20::-*?:21::-*:21:::::21:::
4:I9:H4_I9:CE:114_Bl:S1:42.06:782::F:::-1:::2::+:5:-*:5::-:5:-*:6:::-*:7:::7:::-:8::-:9:::-:10:::-:11::::-:12:::-:13::-:14:::14::-:15::-:16:::-*:17::::-*:18:::-*:19::::-*:20::-*:21::-*:21:::::21:::
4:I9:H4_I9:CE:115_Bl:I:41:836::F:::-1:::2::+:5:-*:5::-:5:-*:6:::-*:7:::7:::-*:8::-:9:::-:10:::-:11::::-:12:::-:13::-:14:::14::-:15::-:16:::-*:17::::-*:18:::-*:19::::-*:20::-*:21::-*:21:::::21:::
4:I9:H4_I9:CE:116_Bl:S1:40.03:dag5 sectie:::::-1:::2::+:5:-:5:::5::6::::7:::7::::8:::9::::10::::11:::::12::::13:::14:::14:::15:::16::::17:::::18::::19:::::20:::21:::21:::::21:::
4:I9:H4_I9:CE:117_Bl:S1:41.6:876::F:::-1:::2::+:5:-:5::-*:5:-*:6:::-:7:::7:::-:8::-:9:::-:10:::-:11::::-:12:::-:13::-:14:::14::-:15::-*:16:::-:17::::-*:18:::-:19::::-*:20::-*:21::-*:21:::::21:::
4:I9:H4_I9:CE:118_Bl:S1:41.38:900::M:::-1:::2::+:5:-*:5::-*:5:-*:6:::-:7:::7:::-:8::-:9:::-:10:::-:11::::-:12:::-:13::-:14:::14::-:15::-*:16:::-:17::::-*:18:::-*:19::::-*:20::-*:21::-*:21:::::21:::
4:I9:H4_I9:CE:119_Bl:I:43.09:800::M:::-1:::2::+:5:-:5::-:5:-*:6:::-*:7:::7:::-:8::-:9:::-:10:::-:11::::-:12:::-:13::-:14:::14::-:15::-*:16:::-:17::::-*:18:::-*:19::::-*:20::-*:21::-*:21:::::21:::
4:I9:H4_I9:CE:120_Bl:S1:38.29:dag5 sectie:::::-1:::2::+:5:-*:5:::5::6::::7:::7::::8:::9::::10::::11:::::12::::13:::14:::14:::15:::16::::17:::::18::::19:::::20:::21:::21:::::21:::
4:I9:H4_I9:CE:121_Bl:I:43.78:900::F:::-1:::2::+:5:-*:5::-*:5:-:6:::-*:7:::7:::-*:8::-:9:::-:10:::-:11::::-:12:::-:13::-:14:::14::-*:15::-:16:::-:17::::-*:18:::-*:19::::-*:20::-*:21::-*:21:::::21:::
4:I9:H4_I9:CE:122_Bl:I:38.2:884::M:::-1:::2::+:5:-:5::-*:5:-*:6:::-*:7:::7:::-:8::-:9:::-:10:::-:11::::-:12:::-:13::-*:14:::14::-:15::-:16:::-*:17::::-*:18:::-*:19::::-*:20::-*:21::-*:21:::::21:::
4:I9:H4_I9:CE:123_Bl:S1:38.19:736::F:::-1:::2::+:5:-*:5::-*:5:-:6:::-:7:::7:::-:8::-:9:::-:10:::-:11::::-:12:::-:13::-:14:::14::-:15::-:16:::-:17::::-*:18:::-*:19::::-*:20::-*:21::-*:21:::::21:::
4:I9:H4_I9:CE:125_Bl:I:38.06:820::F:::-1:::2::+:5:-*:5::-*:5:-:6:::-:7:::7:::-:8::-:9:::-:10:::-:11::::-:12:::-:13::-:14:::14::-:15::-:16:::-:17::::-*:18:::-*:19::::-*:20::-*:21::-*:21:::::21:::
